[21:59:24] [Client thread/INFO] [JMLogger] JourneyMap log initialized.
[21:59:24] [Client thread/INFO] [JourneymapClient] initialize ENTER
[21:59:24] [Client thread/INFO] [ClientAPI] [ClientAPI] built with JourneyMap API 2.0.0
[21:59:24] [Client thread/DEBUG] [JourneymapClient] Loading and Generating Journeymap configs
[21:59:25] [Client thread/WARN] [PropertiesBase] core (Initialized) Bad configField entry during updateFrom(): optionsManagerViewed=null
[21:59:25] [Client thread/INFO] [?] Version: JourneyMap 1.7.10-6.0.6, built with forge 10.13.4.1614-1.7.10
forge: 10.13.4.1614
Environment: os.name, os.arch, java.version, user.country, user.language=null, game language=pt_BR, locale=pt_br
SP: : Teste 1 : Teste 2 : 
Features: 
	RadarPlayers : singleplayer = true , multiplayer = true
	RadarAnimals : singleplayer = true , multiplayer = true
	RadarMobs : singleplayer = true , multiplayer = true
	RadarVillagers : singleplayer = true , multiplayer = true
	MapTopo : singleplayer = true , multiplayer = true
	MapSurface : singleplayer = true , multiplayer = true
	MapCaves : singleplayer = true , multiplayer = true
	MapBiome : singleplayer = true , multiplayer = true
MiniMapProperties{state=Valid, file=journeymap.minimap.config, configVersion=6.0.6, infoSlotTimeFormat=HH:mm:ss, zoomLevel=512, compassFontScale=1.0, infoSlotFontScale=1.0, terrainAlpha=100, showEntityNames=false, showPassiveNames=false, positionX=0.9, positionY=0.25, showPlayerHeading=true, sizePercent=18, playerDisplayScale=1.0, showDayNight=true, showPets=true, showPlayerNames=true, preferredMapType=day, showCompass=true, showNpcNames=false, mobDisplay=Dots and Outlined Icons, showHostileNames=false, systemTimeRealFormat=HH:mm:ss, shape=Círculo, showSelf=true, showVillagerNames=false, selfDisplayScale=1.0, showGrid=true, reticleOrientation=Bússola, minimapLockedMapType=jm.common.map_type.auto, info3LabelPosition=Bottom, showWaypoints=true, info2LabelPosition=Top, minimapKeyMovementSpeed=0.001, info1LabelPosition=Top, showAnimals=true, infoSlotAlpha=0.7, showWaypointLabels=true, showAmbientNames=false, showTeamNames=true, position=Acima Direita, fontScale=1.0, info4LabelPosition=Bottom, showPlayers=true, waypointIconScale=1.0, frameAlpha=100, backgroundAlpha=0.8, enabled=true, showVillagers=true, info2Label=jm.theme.labelsource.gametime, hudRenderLayer=Last, info3Label=jm.theme.labelsource.location, caveLayer=4, showMobs=true, waypointLabelScale=1.0, showReticle=true, orientation=Norte, info4Label=jm.theme.labelsource.biome, locationFormat=xzyv, playerDisplay=Outlined Icons, mobDisplayScale=1.0, showOffScreenPlayers=true, showCaves=true, showMobHeading=true, locationFormatVerbose=true, showAmbientCreatures=false, showPetNames=false, info1Label=jm.theme.labelsource.blank, showNoIconNames=true}
MiniMapProperties{state=Valid, file=journeymap.minimap2.config, configVersion=6.0.6, infoSlotTimeFormat=HH:mm:ss, zoomLevel=512, compassFontScale=1.0, infoSlotFontScale=1.0, terrainAlpha=100, showEntityNames=false, showPassiveNames=false, positionX=0.9, positionY=0.25, showPlayerHeading=true, sizePercent=18, playerDisplayScale=1.0, showDayNight=true, showPets=true, showPlayerNames=true, preferredMapType=day, showCompass=true, showNpcNames=false, mobDisplay=Dots and Outlined Icons, showHostileNames=false, systemTimeRealFormat=HH:mm:ss, shape=Retângulo, showSelf=true, showVillagerNames=false, selfDisplayScale=1.0, showGrid=true, reticleOrientation=Bússola, minimapLockedMapType=jm.common.map_type.auto, info3LabelPosition=Bottom, showWaypoints=true, info2LabelPosition=Top, minimapKeyMovementSpeed=0.001, info1LabelPosition=Top, showAnimals=true, infoSlotAlpha=0.7, showWaypointLabels=true, showAmbientNames=false, showTeamNames=true, position=Acima Direita, fontScale=1.0, info4LabelPosition=Bottom, showPlayers=true, waypointIconScale=1.0, frameAlpha=100, backgroundAlpha=0.8, enabled=true, showVillagers=true, info2Label=jm.theme.labelsource.gametime, hudRenderLayer=Last, info3Label=jm.theme.labelsource.location, caveLayer=4, showMobs=true, waypointLabelScale=1.0, showReticle=true, orientation=Norte, info4Label=jm.theme.labelsource.biome, locationFormat=xzyv, playerDisplay=Outlined Icons, mobDisplayScale=1.0, showOffScreenPlayers=true, showCaves=true, showMobHeading=true, locationFormatVerbose=true, showAmbientCreatures=false, showPetNames=false, info1Label=jm.theme.labelsource.blank, showNoIconNames=true}
FullMapProperties{state=Valid, file=journeymap.fullmap.config, configVersion=6.0.6, zoomLevel=512, minimalMode=false, showPlayers=true, waypointIconScale=1.0, showEntityNames=false, showPassiveNames=false, showPlayerHeading=true, showVillagers=true, showPlayerLoc=true, showKeys=true, playerDisplayScale=1.0, showMobs=true, showPets=true, waypointLabelScale=1.0, showPlayerNames=true, preferredMapType=day, showNpcNames=false, mobDisplay=Dots and Outlined Icons, showHostileNames=false, pauseGame=false, showSelf=true, locationFormat=xzyv, playerDisplay=Outlined Icons, showVillagerNames=false, mobDisplayScale=1.0, selfDisplayScale=1.0, showOffScreenPlayers=true, showGrid=true, showMouseLoc=true, showWaypoints=true, showCaves=true, showThemeButton=true, showAnimals=true, showMobHeading=true, showWaypointLabels=true, locationFormatVerbose=true, showAmbientNames=false, showAmbientCreatures=false, showTeamNames=true, showPetNames=false, fontScale=1.0, showNoIconNames=true}
WaypointProperties{state=Valid, file=journeymap.waypoint.config, configVersion=6.0.6, autoRemoveDeathpointDistance=2, showPlayers=false, dateFormat=MM-dd-yyyy, autoHideIconAngle=5, playerMaxDistance=0, autoRemoveDeathpoints=false, autoHideIcon=false, autoHideLabelAngle=5, renderWaypointsWorld=true, showLabelBackground=true, showDeleteConfirmation=true, managerDimensionFocus=false, fullscreenDoubleClickToCreate=true, minDistance=4, coordinatesFormat=XZY, boldLabel=false, disableShare=false, showDeathpointlabel=true, autoHideLabelVertical=true, textureSmall=true, useActionsButton=false, beaconEnabled=true, createDeathpoints=true, disableStrikeThrough=false, renderWaypointsMap=true, showName=true, autoHideLabelVerticalAngle=10, maxDistance=0, ignoreRenderDistance=false, autoHideLabel=true, autoRemoveTempWaypoints=2, teleportCommand=/tp {name} {x} {y} {z}, showStaticBeam=true, renderWaypoints=true, wholeNumberTeleportCoords=false, timeFormat=HH:mm:ss, shaderBeacon=false, playerMinDistance=10, showDistance=true, showRotatingBeam=true, fontScale=2.0, managerEnabled=true}
WebMapProperties{state=Valid, file=journeymap.webmap.config, configVersion=6.0.6, port=8080, enabled=false}
CoreProperties{state=Valid, file=journeymap.core.config, configVersion=6.0.6, maxPlayersData=32, mapSurfaceAboveCaves=true, dataCachingEnabled=true, maxAmbientCreaturesData=32, optionsManagerViewed=null, announceMod=true, ignoreSnow=false, colorPassive=#bbbbbb, colorPassiveLabel=#bbbbbb, mapShadows=true, mapBlendWater=true, playerIconFade=true, renderDistanceSurfaceMax=0, seedId=false, colorPetLabel=#0077ff, radarVerticalDistance=16, mapBlendGrass=true, recordCacheStats=false, hideSneakingEntities=true, initialSortOrder=Name, colorPlayerLabel=#ffffff, revealShape=Círculo, mapBiome=true, minimapPresetOverlay=true, caveShader=jm.common.map_filter.default, colorVillagerLabel=#88e188, alwaysMapSurface=false, biomeShader=jm.common.map_filter.default, colorVillager=#88e188, mapPlants=false, colorPet=#0077ff, sortDescending=true, radarLateralDistance=64, mapBathymetry=false, mapCrops=true, maxMobsData=32, dayShader=jm.common.map_filter.default, mapPlantShadows=false, alwaysMapCaves=false, checkUpdates=true, colorHostileLabel=#ff0000, mapBlendFoliage=true, netherSurfaceLighting=true, topoMax=0, hideSpectators=false, mappingEnabled=true, colorPlayer=#ffffff, cacheVillagersData=2000, minimapMapTypeOverlay=true, logLevel=INFO, maxVillagersData=32, mapWaterBiomeColors=true, maxAnimalsData=32, mapTransparency=true, caveBlackAsClear=false, caveModeThreshold=2, legacyIcons=false, netherShader=jm.common.map_filter.default, caveIgnoreGlass=true, mapTopography=true, renderDistanceCaveMax=0, mapAntialiasing=true, colorSelf=#0000ff, cachePlayersData=2000, mapOnlyPlayerChunk=false, nightShader=jm.common.map_filter.default, cacheMobsData=3000, drawStepUpdateRate=500, cachePlayerData=1000, splashViewed=6.0.6, colorHostile=#ff0000, topoShader=jm.common.map_filter.default, allowMiniMapBehindScreens=true, cacheAnimalsData=3000, ignoreHeightmaps=false, lodsEnabled=true, themeName=Purist, mapCaveLighting=true, renderDelay=500, mobIconFade=true, serverIp=false, glErrorChecking=false, autoMapPoll=2000}
[21:59:25] [Client thread/INFO] [JourneymapClient] initialize EXIT, elapsed count 1 avg 564,11ms
[21:59:40] [Client thread/INFO] [JourneymapClientForge] Journeymap PostInit
[21:59:40] [Client thread/DEBUG] [JourneymapClient] postInitialize ENTER
[21:59:40] [Client thread/TRACE] [ThemeLoader] Initializing themes ...
[21:59:40] [Client thread/DEBUG] [FileHandler] ZipFilePath:C:/Users/Danih/AppData/Roaming/.minecraft/versions/Hogwarts/mods/journeymap-forge-1.7.10-6.0.6.jar zipEntryName:assets/journeymap/theme/victorian_ destDir:C:\Users\Danih\AppData\Roaming\.minecraft\versions\Hogwarts\journeymap\icon\theme\victorian_ overWrite:true fromPath:C:/Users/Danih/AppData/Roaming/.minecraft/versions/Hogwarts/mods/journeymap-forge-1.7.10-6.0.6.jar
[21:59:40] [Client thread/DEBUG] [FileHandler] ZipFilePath:C:/Users/Danih/AppData/Roaming/.minecraft/versions/Hogwarts/mods/journeymap-forge-1.7.10-6.0.6.jar zipEntryName:assets/journeymap/theme/flat destDir:C:\Users\Danih\AppData\Roaming\.minecraft\versions\Hogwarts\journeymap\icon\theme\flat overWrite:true fromPath:C:/Users/Danih/AppData/Roaming/.minecraft/versions/Hogwarts/mods/journeymap-forge-1.7.10-6.0.6.jar
[21:59:40] [Client thread/DEBUG] [FileHandler] ZipFilePath:C:/Users/Danih/AppData/Roaming/.minecraft/versions/Hogwarts/mods/journeymap-forge-1.7.10-6.0.6.jar zipEntryName:assets/journeymap/theme/vault_flat destDir:C:\Users\Danih\AppData\Roaming\.minecraft\versions\Hogwarts\journeymap\icon\theme\vault_flat overWrite:true fromPath:C:/Users/Danih/AppData/Roaming/.minecraft/versions/Hogwarts/mods/journeymap-forge-1.7.10-6.0.6.jar
[21:59:40] [Client thread/DEBUG] [FileHandler] ZipFilePath:C:/Users/Danih/AppData/Roaming/.minecraft/versions/Hogwarts/mods/journeymap-forge-1.7.10-6.0.6.jar zipEntryName:assets/journeymap/theme/vault destDir:C:\Users\Danih\AppData\Roaming\.minecraft\versions\Hogwarts\journeymap\icon\theme\vault overWrite:true fromPath:C:/Users/Danih/AppData/Roaming/.minecraft/versions/Hogwarts/mods/journeymap-forge-1.7.10-6.0.6.jar
[21:59:41] [Client thread/INFO] [ThemeLoader] Preloaded theme textures: 73
[21:59:41] [Client thread/DEBUG] [StatTimer] elapsed was slow: 1504.9083
[21:59:41] [Client thread/INFO] [JourneymapClient] postInitialize EXIT, elapsed count 1 avg 1504,91ms
[21:59:42] [JM-VersionCheck-1/INFO] [VersionCheck] Newer version online: Current: 6.0.6 New: 6.0.7 for Minecraft 1.7.10 on https://www.curseforge.com/minecraft/mc-mods/journeymap/files/8923608
[22:00:14] [Client thread/INFO] [ColorPalette] Color palette file generated for 0 blockstates in 0ms for: Default Palette
[22:00:38] [Server thread/INFO] [PluginHelper] Found @JourneyMapPlugin: journeymap.api.plugins.LoadedChunkOverlayPlugin
[22:00:40] [Server thread/INFO] [PluginHelper] Initialized IJourneyMapPlugin as:journeymap.api.plugins.LoadedChunkOverlayPlugin: for:journeymap_chunk_overlay
[22:00:43] [Client thread/INFO] [ColorPalette] Color palette file generated for 0 blockstates in 0ms for: Default Palette
[22:00:43] [Client thread/INFO] [InternalStateHandler] Connection initiated with Journeymap Server: true
[22:00:43] [Client thread/INFO] [InternalStateHandler] Teleport Enabled: true
[22:00:43] [Client thread/INFO] [InternalStateHandler] Server set waypointTeleportOnly: false
[22:00:43] [Client thread/INFO] [InternalStateHandler] Server set globalWaypointTeleportOnly: false
[22:00:43] [Client thread/INFO] [InternalStateHandler] Expanded Radar Enabled: true
[22:00:43] [Client thread/INFO] [InternalStateHandler] Server Admin Enabled: true
[22:00:43] [Client thread/INFO] [InternalStateHandler] Server set show in-game beacons: true
[22:00:43] [Client thread/INFO] [InternalStateHandler] Server set waypoints allowed: true
[22:00:43] [Client thread/INFO] [InternalStateHandler] Server set Server Admin read only mode: true
[22:00:43] [Client thread/INFO] [InternalStateHandler] Server set maxSurfaceRenderDistance to: 0
[22:00:43] [Client thread/INFO] [InternalStateHandler] Server setmaxCaveRenderDistance to: 0
[22:00:43] [Client thread/INFO] [InternalStateHandler] Server set allow mutliplayer options: true
[22:00:43] [Client thread/INFO] [InternalStateHandler] Server set globalWaypointsOnly: false
[22:00:43] [Client thread/INFO] [InternalStateHandler] Server set allow radarLateralDistance options: 512
[22:00:43] [Client thread/INFO] [InternalStateHandler] Server set allow radarVerticalDistance options: 320
[22:00:43] [Client thread/INFO] [InternalStateHandler] Server set allow maxAnimalsData options: 128
[22:00:43] [Client thread/INFO] [InternalStateHandler] Server set allow maxAmbientCreaturesData options: 128
[22:00:43] [Client thread/INFO] [InternalStateHandler] Server set allow maxMobsData options: 128
[22:00:43] [Client thread/INFO] [InternalStateHandler] Server set allow maxPlayersData options: 128
[22:00:43] [Client thread/INFO] [InternalStateHandler] Server set allow maxVillagersData options: 128
[22:00:43] [Client thread/INFO] [InternalStateHandler] Server set allow playerRadarNamesEnabled options: true
[22:00:43] [Client thread/INFO] [InternalStateHandler] Server set allow minimapEnabled options: true
[22:00:43] [Client thread/INFO] [InternalStateHandler] Server set allow hideCoordinates options: false
[22:00:43] [Client thread/INFO] [HandshakePacket] JourneyMap server version: 6.0.6 (client version: 6.0.6)
[22:00:43] [Client thread/INFO] [InternalStateHandler] Connection initiated with Journeymap Server: true
[22:00:43] [Client thread/INFO] [InternalStateHandler] Teleport Enabled: true
[22:00:43] [Client thread/INFO] [InternalStateHandler] Server set waypointTeleportOnly: false
[22:00:43] [Client thread/INFO] [InternalStateHandler] Server set globalWaypointTeleportOnly: false
[22:00:43] [Client thread/INFO] [InternalStateHandler] Expanded Radar Enabled: true
[22:00:43] [Client thread/INFO] [InternalStateHandler] Server Admin Enabled: true
[22:00:43] [Client thread/INFO] [InternalStateHandler] Server set show in-game beacons: true
[22:00:43] [Client thread/INFO] [InternalStateHandler] Server set waypoints allowed: true
[22:00:43] [Client thread/INFO] [InternalStateHandler] Server set Server Admin read only mode: true
[22:00:43] [Client thread/INFO] [InternalStateHandler] Server set maxSurfaceRenderDistance to: 0
[22:00:43] [Client thread/INFO] [InternalStateHandler] Server setmaxCaveRenderDistance to: 0
[22:00:43] [Client thread/INFO] [InternalStateHandler] Server set allow mutliplayer options: true
[22:00:43] [Client thread/INFO] [InternalStateHandler] Server set globalWaypointsOnly: false
[22:00:43] [Client thread/INFO] [InternalStateHandler] Server set allow radarLateralDistance options: 512
[22:00:43] [Client thread/INFO] [InternalStateHandler] Server set allow radarVerticalDistance options: 320
[22:00:43] [Client thread/INFO] [InternalStateHandler] Server set allow maxAnimalsData options: 128
[22:00:43] [Client thread/INFO] [InternalStateHandler] Server set allow maxAmbientCreaturesData options: 128
[22:00:43] [Client thread/INFO] [InternalStateHandler] Server set allow maxMobsData options: 128
[22:00:44] [Client thread/INFO] [InternalStateHandler] Server set allow maxPlayersData options: 128
[22:00:44] [Client thread/INFO] [InternalStateHandler] Server set allow maxVillagersData options: 128
[22:00:44] [Client thread/INFO] [InternalStateHandler] Server set allow playerRadarNamesEnabled options: true
[22:00:44] [Client thread/INFO] [InternalStateHandler] Server set allow minimapEnabled options: true
[22:00:44] [Client thread/INFO] [InternalStateHandler] Server set allow hideCoordinates options: false
[22:00:56] [Client thread/INFO] [ChatLog] JourneyMap: Pressione [NUMLOCK]
[22:00:56] [Client thread/WARN] [PropertiesBase] core (Initialized) Bad configField entry during updateFrom(): optionsManagerViewed=null
[22:00:56] [Client thread/INFO] [WaypointGroupStore] Loaded 0 waypoint groups from disk.
[22:00:56] [Client thread/INFO] [LegacyWaypointFileMigrator] 0 Legacy waypoints found that need to be migrated and backed up.
[22:00:56] [Client thread/INFO] [ColorPalette] Color palette file generated for 0 blockstates in 0ms for: C:\Users\Danih\AppData\Roaming\.minecraft\versions\Hogwarts\journeymap\colorpalette.json
[22:00:56] [Client thread/INFO] [ColorPalette] Color palette file generated for 0 blockstates in 0ms for: C:\Users\Danih\AppData\Roaming\.minecraft\versions\Hogwarts\journeymap\data\sp\Novo Mundo\colorpalette.json
[22:00:56] [Client thread/INFO] [JourneymapClient] Mapping started in C:\Users\Danih\AppData\Roaming\.minecraft\versions\Hogwarts\journeymap\data\sp\Novo Mundo\DIM0. Memory: 3872MB total, 1017MB free 
[22:00:56] [Client thread/INFO] [JMChunkCache] JMChunkCache: opened at C:\Users\Danih\AppData\Roaming\.minecraft\versions\Hogwarts\journeymap\data\sp\Novo Mundo\DIM0\chunk_cache
[22:00:56] [Client thread/INFO] [WaypointHandler] WaypointBackend selected: Server (was=null, shouldBeRemote=true, isJMServer=true, serverManagedWP=true, isServerManagedWaypointConnection=true, hasSingleplayerServer=true)
[22:00:57] [Client thread/INFO] [InternalStateHandler] Connection initiated with Journeymap Server: true
[22:00:57] [Client thread/INFO] [InternalStateHandler] Teleport Enabled: true
[22:00:57] [Client thread/INFO] [InternalStateHandler] Server set waypointTeleportOnly: false
[22:00:57] [Client thread/INFO] [InternalStateHandler] Server set globalWaypointTeleportOnly: false
[22:00:57] [Client thread/INFO] [InternalStateHandler] Expanded Radar Enabled: true
[22:00:57] [Client thread/INFO] [InternalStateHandler] Server Admin Enabled: true
[22:00:57] [Client thread/INFO] [InternalStateHandler] Server set show in-game beacons: true
[22:00:57] [Client thread/INFO] [InternalStateHandler] Server set waypoints allowed: true
[22:00:57] [Client thread/INFO] [InternalStateHandler] Server set Server Admin read only mode: true
[22:00:57] [Client thread/INFO] [InternalStateHandler] Server set maxSurfaceRenderDistance to: 0
[22:00:57] [Client thread/INFO] [InternalStateHandler] Server setmaxCaveRenderDistance to: 0
[22:00:57] [Client thread/INFO] [InternalStateHandler] Server set allow mutliplayer options: true
[22:00:57] [Client thread/INFO] [InternalStateHandler] Server set globalWaypointsOnly: false
[22:00:57] [Client thread/INFO] [InternalStateHandler] Server set allow radarLateralDistance options: 512
[22:00:57] [Client thread/INFO] [InternalStateHandler] Server set allow radarVerticalDistance options: 320
[22:00:57] [Client thread/INFO] [InternalStateHandler] Server set allow maxAnimalsData options: 128
[22:00:57] [Client thread/INFO] [InternalStateHandler] Server set allow maxAmbientCreaturesData options: 128
[22:00:57] [Client thread/INFO] [InternalStateHandler] Server set allow maxMobsData options: 128
[22:00:57] [Client thread/INFO] [InternalStateHandler] Server set allow maxPlayersData options: 128
[22:00:57] [Client thread/INFO] [InternalStateHandler] Server set allow maxVillagersData options: 128
[22:00:57] [Client thread/INFO] [InternalStateHandler] Server set allow playerRadarNamesEnabled options: true
[22:00:57] [Client thread/INFO] [InternalStateHandler] Server set allow minimapEnabled options: true
[22:00:57] [Client thread/INFO] [InternalStateHandler] Server set allow hideCoordinates options: false
[22:01:00] [Client thread/INFO] [ModBlockDelegate] Custom modded block handling enabled for biomesoplenty
[22:01:00] [JM-task-2/WARN] [BiomeMD] Failed to sample colors for biome journeymap:the_void, using defaults: java.lang.StackOverflowError
	at alexsocol.patcher.asm.hook.BiomeDictionaryForWEHooks.registerBiomeType(BiomeDictionaryForWEHooks.kt)
	at net.minecraftforge.common.BiomeDictionary.registerBiomeType(BiomeDictionary.java)
	at net.minecraftforge.common.BiomeDictionary.makeBestGuess(BiomeDictionary.java:336)
	at net.minecraftforge.common.BiomeDictionary.checkRegistration(BiomeDictionary.java:425)
	at net.minecraftforge.common.BiomeDictionary.isBiomeOfType(BiomeDictionary.java:250)
	at sereneseasons.config.BiomeConfig.usesTropicalSeasons(BiomeConfig.java:29)
	at sereneseasons.season.SeasonASMHelper.shouldRenderRainSnow(SeasonASMHelper.java:235)
	at net.minecraft.world.biome.BiomeGenBase.func_76746_c(BiomeGenBase.java:759)
	at net.minecraftforge.common.BiomeDictionary.makeBestGuess(BiomeDictionary.java:396)
	at net.minecraftforge.common.BiomeDictionary.checkRegistration(BiomeDictionary.java:425)
	at net.minecraftforge.common.BiomeDictionary.isBiomeOfType(BiomeDictionary.java:250)
	at sereneseasons.config.BiomeConfig.usesTropicalSeasons(BiomeConfig.java:29)
	at sereneseasons.season.SeasonASMHelper.shouldRenderRainSnow(SeasonASMHelper.java:235)
	at net.minecraft.world.biome.BiomeGenBase.func_76746_c(BiomeGenBase.java:759)
	at net.minecraftforge.common.BiomeDictionary.makeBestGuess(BiomeDictionary.java:396)
	at net.minecraftforge.common.BiomeDictionary.checkRegistration(BiomeDictionary.java:425)
	at net.minecraftforge.common.BiomeDictionary.isBiomeOfType(BiomeDictionary.java:250)
	at sereneseasons.config.BiomeConfig.usesTropicalSeasons(BiomeConfig.java:29)
	at sereneseasons.season.SeasonASMHelper.shouldRenderRainSnow(SeasonASMHelper.java:235)
	at net.minecraft.world.biome.BiomeGenBase.func_76746_c(BiomeGenBase.java:759)
	at net.minecraftforge.common.BiomeDictionary.makeBestGuess(BiomeDictionary.java:396)
	at net.minecraftforge.common.BiomeDictionary.checkRegistration(BiomeDictionary.java:425)
	at net.minecraftforge.common.BiomeDictionary.isBiomeOfType(BiomeDictionary.java:250)
	at sereneseasons.config.BiomeConfig.usesTropicalSeasons(BiomeConfig.java:29)
	at sereneseasons.season.SeasonASMHelper.shouldRenderRainSnow(SeasonASMHelper.java:235)
	at net.minecraft.world.biome.BiomeGenBase.func_76746_c(BiomeGenBase.java:759)
	at net.minecraftforge.common.BiomeDictionary.makeBestGuess(BiomeDictionary.java:396)
	at net.minecraftforge.common.BiomeDictionary.checkRegistration(BiomeDictionary.java:425)
	at net.minecraftforge.common.BiomeDictionary.isBiomeOfType(BiomeDictionary.java:250)
	at sereneseasons.config.BiomeConfig.usesTropicalSeasons(BiomeConfig.java:29)
	at sereneseasons.season.SeasonASMHelper.shouldRenderRainSnow(SeasonASMHelper.java:235)
	at net.minecraft.world.biome.BiomeGenBase.func_76746_c(BiomeGenBase.java:759)
	at net.minecraftforge.common.BiomeDictionary.makeBestGuess(BiomeDictionary.java:396)
	at net.minecraftforge.common.BiomeDictionary.checkRegistration(BiomeDictionary.java:425)
	at net.minecraftforge.common.BiomeDictionary.isBiomeOfType(BiomeDictionary.java:250)
	at sereneseasons.config.BiomeConfig.usesTropicalSeasons(BiomeConfig.java:29)
	at sereneseasons.season.SeasonASMHelper.shouldRenderRainSnow(SeasonASMHelper.java:235)
	at net.minecraft.world.biome.BiomeGenBase.func_76746_c(BiomeGenBase.java:759)
	at net.minecraftforge.common.BiomeDictionary.makeBestGuess(BiomeDictionary.java:396)
	at net.minecraftforge.common.BiomeDictionary.checkRegistration(BiomeDictionary.java:425)
	at net.minecraftforge.common.BiomeDictionary.isBiomeOfType(BiomeDictionary.java:250)
	at sereneseasons.config.BiomeConfig.usesTropicalSeasons(BiomeConfig.java:29)
	at sereneseasons.season.SeasonASMHelper.shouldRenderRainSnow(SeasonASMHelper.java:235)
	at net.minecraft.world.biome.BiomeGenBase.func_76746_c(BiomeGenBase.java:759)
	at net.minecraftforge.common.BiomeDictionary.makeBestGuess(BiomeDictionary.java:396)
	at net.minecraftforge.common.BiomeDictionary.checkRegistration(BiomeDictionary.java:425)
	at net.minecraftforge.common.BiomeDictionary.isBiomeOfType(BiomeDictionary.java:250)
	at sereneseasons.config.BiomeConfig.usesTropicalSeasons(BiomeConfig.java:29)
	at sereneseasons.season.SeasonASMHelper.shouldRenderRainSnow(SeasonASMHelper.java:235)
	at net.minecraft.world.biome.BiomeGenBase.func_76746_c(BiomeGenBase.java:759)
	at net.minecraftforge.common.BiomeDictionary.makeBestGuess(BiomeDictionary.java:396)
	at net.minecraftforge.common.BiomeDictionary.checkRegistration(BiomeDictionary.java:425)
	at net.minecraftforge.common.BiomeDictionary.isBiomeOfType(BiomeDictionary.java:250)
	at sereneseasons.config.BiomeConfig.usesTropicalSeasons(BiomeConfig.java:29)
	at sereneseasons.season.SeasonASMHelper.shouldRenderRainSnow(SeasonASMHelper.java:235)
	at net.minecraft.world.biome.BiomeGenBase.func_76746_c(BiomeGenBase.java:759)
	at net.minecraftforge.common.BiomeDictionary.makeBestGuess(BiomeDictionary.java:396)
	at net.minecraftforge.common.BiomeDictionary.checkRegistration(BiomeDictionary.java:425)
	at net.minecraftforge.common.BiomeDictionary.isBiomeOfType(BiomeDictionary.java:250)
	at sereneseasons.config.BiomeConfig.usesTropicalSeasons(BiomeConfig.java:29)
	at sereneseasons.season.SeasonASMHelper.shouldRenderRainSnow(SeasonASMHelper.java:235)
	at net.minecraft.world.biome.BiomeGenBase.func_76746_c(BiomeGenBase.java:759)
	at net.minecraftforge.common.BiomeDictionary.makeBestGuess(BiomeDictionary.java:396)
	at net.minecraftforge.common.BiomeDictionary.checkRegistration(BiomeDictionary.java:425)
	at net.minecraftforge.common.BiomeDictionary.isBiomeOfType(BiomeDictionary.java:250)
	at sereneseasons.config.BiomeConfig.usesTropicalSeasons(BiomeConfig.java:29)
	at sereneseasons.season.SeasonASMHelper.shouldRenderRainSnow(SeasonASMHelper.java:235)
	at net.minecraft.world.biome.BiomeGenBase.func_76746_c(BiomeGenBase.java:759)
	at net.minecraftforge.common.BiomeDictionary.makeBestGuess(BiomeDictionary.java:396)
	at net.minecraftforge.common.BiomeDictionary.checkRegistration(BiomeDictionary.java:425)
	at net.minecraftforge.common.BiomeDictionary.isBiomeOfType(BiomeDictionary.java:250)
	at sereneseasons.config.BiomeConfig.usesTropicalSeasons(BiomeConfig.java:29)
	at sereneseasons.season.SeasonASMHelper.shouldRenderRainSnow(SeasonASMHelper.java:235)
	at net.minecraft.world.biome.BiomeGenBase.func_76746_c(BiomeGenBase.java:759)
	at net.minecraftforge.common.BiomeDictionary.makeBestGuess(BiomeDictionary.java:396)
	at net.minecraftforge.common.BiomeDictionary.checkRegistration(BiomeDictionary.java:425)
	at net.minecraftforge.common.BiomeDictionary.isBiomeOfType(BiomeDictionary.java:250)
	at sereneseasons.config.BiomeConfig.usesTropicalSeasons(BiomeConfig.java:29)
	at sereneseasons.season.SeasonASMHelper.shouldRenderRainSnow(SeasonASMHelper.java:235)
	at net.minecraft.world.biome.BiomeGenBase.func_76746_c(BiomeGenBase.java:759)
	at net.minecraftforge.common.BiomeDictionary.makeBestGuess(BiomeDictionary.java:396)
	at net.minecraftforge.common.BiomeDictionary.checkRegistration(BiomeDictionary.java:425)
	at net.minecraftforge.common.BiomeDictionary.isBiomeOfType(BiomeDictionary.java:250)
	at sereneseasons.config.BiomeConfig.usesTropicalSeasons(BiomeConfig.java:29)
	at sereneseasons.season.SeasonASMHelper.shouldRenderRainSnow(SeasonASMHelper.java:235)
	at net.minecraft.world.biome.BiomeGenBase.func_76746_c(BiomeGenBase.java:759)
	at net.minecraftforge.common.BiomeDictionary.makeBestGuess(BiomeDictionary.java:396)
	at net.minecraftforge.common.BiomeDictionary.checkRegistration(BiomeDictionary.java:425)
	at net.minecraftforge.common.BiomeDictionary.isBiomeOfType(BiomeDictionary.java:250)
	at sereneseasons.config.BiomeConfig.usesTropicalSeasons(BiomeConfig.java:29)
	at sereneseasons.season.SeasonASMHelper.shouldRenderRainSnow(SeasonASMHelper.java:235)
	at net.minecraft.world.biome.BiomeGenBase.func_76746_c(BiomeGenBase.java:759)
	at net.minecraftforge.common.BiomeDictionary.makeBestGuess(BiomeDictionary.java:396)
	at net.minecraftforge.common.BiomeDictionary.checkRegistration(BiomeDictionary.java:425)
	at net.minecraftforge.common.BiomeDictionary.isBiomeOfType(BiomeDictionary.java:250)
	at sereneseasons.config.BiomeConfig.usesTropicalSeasons(BiomeConfig.java:29)
	at sereneseasons.season.SeasonASMHelper.shouldRenderRainSnow(SeasonASMHelper.java:235)
	at net.minecraft.world.biome.BiomeGenBase.func_76746_c(BiomeGenBase.java:759)
	at net.minecraftforge.common.BiomeDictionary.makeBestGuess(BiomeDictionary.java:396)
	at net.minecraftforge.common.BiomeDictionary.checkRegistration(BiomeDictionary.java:425)
	at net.minecraftforge.common.BiomeDictionary.isBiomeOfType(BiomeDictionary.java:250)
	at sereneseasons.config.BiomeConfig.usesTropicalSeasons(BiomeConfig.java:29)
	at sereneseasons.season.SeasonASMHelper.shouldRenderRainSnow(SeasonASMHelper.java:235)
	at net.minecraft.world.biome.BiomeGenBase.func_76746_c(BiomeGenBase.java:759)
	at net.minecraftforge.common.BiomeDictionary.makeBestGuess(BiomeDictionary.java:396)
	at net.minecraftforge.common.BiomeDictionary.checkRegistration(BiomeDictionary.java:425)
	at net.minecraftforge.common.BiomeDictionary.isBiomeOfType(BiomeDictionary.java:250)
	at sereneseasons.config.BiomeConfig.usesTropicalSeasons(BiomeConfig.java:29)
	at sereneseasons.season.SeasonASMHelper.shouldRenderRainSnow(SeasonASMHelper.java:235)
	at net.minecraft.world.biome.BiomeGenBase.func_76746_c(BiomeGenBase.java:759)
	at net.minecraftforge.common.BiomeDictionary.makeBestGuess(BiomeDictionary.java:396)
	at net.minecraftforge.common.BiomeDictionary.checkRegistration(BiomeDictionary.java:425)
	at net.minecraftforge.common.BiomeDictionary.isBiomeOfType(BiomeDictionary.java:250)
	at sereneseasons.config.BiomeConfig.usesTropicalSeasons(BiomeConfig.java:29)
	at sereneseasons.season.SeasonASMHelper.shouldRenderRainSnow(SeasonASMHelper.java:235)
	at net.minecraft.world.biome.BiomeGenBase.func_76746_c(BiomeGenBase.java:759)
	at net.minecraftforge.common.BiomeDictionary.makeBestGuess(BiomeDictionary.java:396)
	at net.minecraftforge.common.BiomeDictionary.checkRegistration(BiomeDictionary.java:425)
	at net.minecraftforge.common.BiomeDictionary.isBiomeOfType(BiomeDictionary.java:250)
	at sereneseasons.config.BiomeConfig.usesTropicalSeasons(BiomeConfig.java:29)
	at sereneseasons.season.SeasonASMHelper.shouldRenderRainSnow(SeasonASMHelper.java:235)
	at net.minecraft.world.biome.BiomeGenBase.func_76746_c(BiomeGenBase.java:759)
	at net.minecraftforge.common.BiomeDictionary.makeBestGuess(BiomeDictionary.java:396)
	at net.minecraftforge.common.BiomeDictionary.checkRegistration(BiomeDictionary.java:425)
	at net.minecraftforge.common.BiomeDictionary.isBiomeOfType(BiomeDictionary.java:250)
	at sereneseasons.config.BiomeConfig.usesTropicalSeasons(BiomeConfig.java:29)
	at sereneseasons.season.SeasonASMHelper.shouldRenderRainSnow(SeasonASMHelper.java:235)
	at net.minecraft.world.biome.BiomeGenBase.func_76746_c(BiomeGenBase.java:759)
	at net.minecraftforge.common.BiomeDictionary.makeBestGuess(BiomeDictionary.java:396)
	at net.minecraftforge.common.BiomeDictionary.checkRegistration(BiomeDictionary.java:425)
	at net.minecraftforge.common.BiomeDictionary.isBiomeOfType(BiomeDictionary.java:250)
	at sereneseasons.config.BiomeConfig.usesTropicalSeasons(BiomeConfig.java:29)
	at sereneseasons.season.SeasonASMHelper.shouldRenderRainSnow(SeasonASMHelper.java:235)
	at net.minecraft.world.biome.BiomeGenBase.func_76746_c(BiomeGenBase.java:759)
	at net.minecraftforge.common.BiomeDictionary.makeBestGuess(BiomeDictionary.java:396)
	at net.minecraftforge.common.BiomeDictionary.checkRegistration(BiomeDictionary.java:425)
	at net.minecraftforge.common.BiomeDictionary.isBiomeOfType(BiomeDictionary.java:250)
	at sereneseasons.config.BiomeConfig.usesTropicalSeasons(BiomeConfig.java:29)
	at sereneseasons.season.SeasonASMHelper.shouldRenderRainSnow(SeasonASMHelper.java:235)
	at net.minecraft.world.biome.BiomeGenBase.func_76746_c(BiomeGenBase.java:759)
	at net.minecraftforge.common.BiomeDictionary.makeBestGuess(BiomeDictionary.java:396)
	at net.minecraftforge.common.BiomeDictionary.checkRegistration(BiomeDictionary.java:425)
	at net.minecraftforge.common.BiomeDictionary.isBiomeOfType(BiomeDictionary.java:250)
	at sereneseasons.config.BiomeConfig.usesTropicalSeasons(BiomeConfig.java:29)
	at sereneseasons.season.SeasonASMHelper.shouldRenderRainSnow(SeasonASMHelper.java:235)
	at net.minecraft.world.biome.BiomeGenBase.func_76746_c(BiomeGenBase.java:759)
	at net.minecraftforge.common.BiomeDictionary.makeBestGuess(BiomeDictionary.java:396)
	at net.minecraftforge.common.BiomeDictionary.checkRegistration(BiomeDictionary.java:425)
	at net.minecraftforge.common.BiomeDictionary.isBiomeOfType(BiomeDictionary.java:250)
	at sereneseasons.config.BiomeConfig.usesTropicalSeasons(BiomeConfig.java:29)
	at sereneseasons.season.SeasonASMHelper.shouldRenderRainSnow(SeasonASMHelper.java:235)
	at net.minecraft.world.biome.BiomeGenBase.func_76746_c(BiomeGenBase.java:759)
	at net.minecraftforge.common.BiomeDictionary.makeBestGuess(BiomeDictionary.java:396)
	at net.minecraftforge.common.BiomeDictionary.checkRegistration(BiomeDictionary.java:425)
	at net.minecraftforge.common.BiomeDictionary.isBiomeOfType(BiomeDictionary.java:250)
	at sereneseasons.config.BiomeConfig.usesTropicalSeasons(BiomeConfig.java:29)
	at sereneseasons.season.SeasonASMHelper.shouldRenderRainSnow(SeasonASMHelper.java:235)
	at net.minecraft.world.biome.BiomeGenBase.func_76746_c(BiomeGenBase.java:759)
	at net.minecraftforge.common.BiomeDictionary.makeBestGuess(BiomeDictionary.java:396)
	at net.minecraftforge.common.BiomeDictionary.checkRegistration(BiomeDictionary.java:425)
	at net.minecraftforge.common.BiomeDictionary.isBiomeOfType(BiomeDictionary.java:250)
	at sereneseasons.config.BiomeConfig.usesTropicalSeasons(BiomeConfig.java:29)
	at sereneseasons.season.SeasonASMHelper.shouldRenderRainSnow(SeasonASMHelper.java:235)
	at net.minecraft.world.biome.BiomeGenBase.func_76746_c(BiomeGenBase.java:759)
	at net.minecraftforge.common.BiomeDictionary.makeBestGuess(BiomeDictionary.java:396)
	at net.minecraftforge.common.BiomeDictionary.checkRegistration(BiomeDictionary.java:425)
	at net.minecraftforge.common.BiomeDictionary.isBiomeOfType(BiomeDictionary.java:250)
	at sereneseasons.config.BiomeConfig.usesTropicalSeasons(BiomeConfig.java:29)
	at sereneseasons.season.SeasonASMHelper.shouldRenderRainSnow(SeasonASMHelper.java:235)
	at net.minecraft.world.biome.BiomeGenBase.func_76746_c(BiomeGenBase.java:759)
	at net.minecraftforge.common.BiomeDictionary.makeBestGuess(BiomeDictionary.java:396)
	at net.minecraftforge.common.BiomeDictionary.checkRegistration(BiomeDictionary.java:425)
	at net.minecraftforge.common.BiomeDictionary.isBiomeOfType(BiomeDictionary.java:250)
	at sereneseasons.config.BiomeConfig.usesTropicalSeasons(BiomeConfig.java:29)
	at sereneseasons.season.SeasonASMHelper.shouldRenderRainSnow(SeasonASMHelper.java:235)
	at net.minecraft.world.biome.BiomeGenBase.func_76746_c(BiomeGenBase.java:759)
	at net.minecraftforge.common.BiomeDictionary.makeBestGuess(BiomeDictionary.java:396)
	at net.minecraftforge.common.BiomeDictionary.checkRegistration(BiomeDictionary.java:425)
	at net.minecraftforge.common.BiomeDictionary.isBiomeOfType(BiomeDictionary.java:250)
	at sereneseasons.config.BiomeConfig.usesTropicalSeasons(BiomeConfig.java:29)
	at sereneseasons.season.SeasonASMHelper.shouldRenderRainSnow(SeasonASMHelper.java:235)
	at net.minecraft.world.biome.BiomeGenBase.func_76746_c(BiomeGenBase.java:759)
	at net.minecraftforge.common.BiomeDictionary.makeBestGuess(BiomeDictionary.java:396)
	at net.minecraftforge.common.BiomeDictionary.checkRegistration(BiomeDictionary.java:425)
	at net.minecraftforge.common.BiomeDictionary.isBiomeOfType(BiomeDictionary.java:250)
	at sereneseasons.config.BiomeConfig.usesTropicalSeasons(BiomeConfig.java:29)
	at sereneseasons.season.SeasonASMHelper.shouldRenderRainSnow(SeasonASMHelper.java:235)
	at net.minecraft.world.biome.BiomeGenBase.func_76746_c(BiomeGenBase.java:759)
	at net.minecraftforge.common.BiomeDictionary.makeBestGuess(BiomeDictionary.java:396)
	at net.minecraftforge.common.BiomeDictionary.checkRegistration(BiomeDictionary.java:425)
	at net.minecraftforge.common.BiomeDictionary.isBiomeOfType(BiomeDictionary.java:250)
	at sereneseasons.config.BiomeConfig.usesTropicalSeasons(BiomeConfig.java:29)
	at sereneseasons.season.SeasonASMHelper.shouldRenderRainSnow(SeasonASMHelper.java:235)
	at net.minecraft.world.biome.BiomeGenBase.func_76746_c(BiomeGenBase.java:759)
	at net.minecraftforge.common.BiomeDictionary.makeBestGuess(BiomeDictionary.java:396)
	at net.minecraftforge.common.BiomeDictionary.checkRegistration(BiomeDictionary.java:425)
	at net.minecraftforge.common.BiomeDictionary.isBiomeOfType(BiomeDictionary.java:250)
	at sereneseasons.config.BiomeConfig.usesTropicalSeasons(BiomeConfig.java:29)
	at sereneseasons.season.SeasonASMHelper.shouldRenderRainSnow(SeasonASMHelper.java:235)
	at net.minecraft.world.biome.BiomeGenBase.func_76746_c(BiomeGenBase.java:759)
	at net.minecraftforge.common.BiomeDictionary.makeBestGuess(BiomeDictionary.java:396)
	at net.minecraftforge.common.BiomeDictionary.checkRegistration(BiomeDictionary.java:425)
	at net.minecraftforge.common.BiomeDictionary.isBiomeOfType(BiomeDictionary.java:250)
	at sereneseasons.config.BiomeConfig.usesTropicalSeasons(BiomeConfig.java:29)
	at sereneseasons.season.SeasonASMHelper.shouldRenderRainSnow(SeasonASMHelper.java:235)
	at net.minecraft.world.biome.BiomeGenBase.func_76746_c(BiomeGenBase.java:759)
	at net.minecraftforge.common.BiomeDictionary.makeBestGuess(BiomeDictionary.java:396)
	at net.minecraftforge.common.BiomeDictionary.checkRegistration(BiomeDictionary.java:425)
	at net.minecraftforge.common.BiomeDictionary.isBiomeOfType(BiomeDictionary.java:250)
	at sereneseasons.config.BiomeConfig.usesTropicalSeasons(BiomeConfig.java:29)
	at sereneseasons.season.SeasonASMHelper.shouldRenderRainSnow(SeasonASMHelper.java:235)
	at net.minecraft.world.biome.BiomeGenBase.func_76746_c(BiomeGenBase.java:759)
	at net.minecraftforge.common.BiomeDictionary.makeBestGuess(BiomeDictionary.java:396)
	at net.minecraftforge.common.BiomeDictionary.checkRegistration(BiomeDictionary.java:425)
	at net.minecraftforge.common.BiomeDictionary.isBiomeOfType(BiomeDictionary.java:250)
	at sereneseasons.config.BiomeConfig.usesTropicalSeasons(BiomeConfig.java:29)
	at sereneseasons.season.SeasonASMHelper.shouldRenderRainSnow(SeasonASMHelper.java:235)
	at net.minecraft.world.biome.BiomeGenBase.func_76746_c(BiomeGenBase.java:759)
	at net.minecraftforge.common.BiomeDictionary.makeBestGuess(BiomeDictionary.java:396)
	at net.minecraftforge.common.BiomeDictionary.checkRegistration(BiomeDictionary.java:425)
	at net.minecraftforge.common.BiomeDictionary.isBiomeOfType(BiomeDictionary.java:250)
	at sereneseasons.config.BiomeConfig.usesTropicalSeasons(BiomeConfig.java:29)
	at sereneseasons.season.SeasonASMHelper.shouldRenderRainSnow(SeasonASMHelper.java:235)
	at net.minecraft.world.biome.BiomeGenBase.func_76746_c(BiomeGenBase.java:759)
	at net.minecraftforge.common.BiomeDictionary.makeBestGuess(BiomeDictionary.java:396)
	at net.minecraftforge.common.BiomeDictionary.checkRegistration(BiomeDictionary.java:425)
	at net.minecraftforge.common.BiomeDictionary.isBiomeOfType(BiomeDictionary.java:250)
	at sereneseasons.config.BiomeConfig.usesTropicalSeasons(BiomeConfig.java:29)
	at sereneseasons.season.SeasonASMHelper.shouldRenderRainSnow(SeasonASMHelper.java:235)
	at net.minecraft.world.biome.BiomeGenBase.func_76746_c(BiomeGenBase.java:759)
	at net.minecraftforge.common.BiomeDictionary.makeBestGuess(BiomeDictionary.java:396)
	at net.minecraftforge.common.BiomeDictionary.checkRegistration(BiomeDictionary.java:425)
	at net.minecraftforge.common.BiomeDictionary.isBiomeOfType(BiomeDictionary.java:250)
	at sereneseasons.config.BiomeConfig.usesTropicalSeasons(BiomeConfig.java:29)
	at sereneseasons.season.SeasonASMHelper.shouldRenderRainSnow(SeasonASMHelper.java:235)
	at net.minecraft.world.biome.BiomeGenBase.func_76746_c(BiomeGenBase.java:759)
	at net.minecraftforge.common.BiomeDictionary.makeBestGuess(BiomeDictionary.java:396)
	at net.minecraftforge.common.BiomeDictionary.checkRegistration(BiomeDictionary.java:425)
	at net.minecraftforge.common.BiomeDictionary.isBiomeOfType(BiomeDictionary.java:250)
	at sereneseasons.config.BiomeConfig.usesTropicalSeasons(BiomeConfig.java:29)
	at sereneseasons.season.SeasonASMHelper.shouldRenderRainSnow(SeasonASMHelper.java:235)
	at net.minecraft.world.biome.BiomeGenBase.func_76746_c(BiomeGenBase.java:759)
	at net.minecraftforge.common.BiomeDictionary.makeBestGuess(BiomeDictionary.java:396)
	at net.minecraftforge.common.BiomeDictionary.checkRegistration(BiomeDictionary.java:425)
	at net.minecraftforge.common.BiomeDictionary.isBiomeOfType(BiomeDictionary.java:250)
	at sereneseasons.config.BiomeConfig.usesTropicalSeasons(BiomeConfig.java:29)
	at sereneseasons.season.SeasonASMHelper.shouldRenderRainSnow(SeasonASMHelper.java:235)
	at net.minecraft.world.biome.BiomeGenBase.func_76746_c(BiomeGenBase.java:759)
	at net.minecraftforge.common.BiomeDictionary.makeBestGuess(BiomeDictionary.java:396)
	at net.minecraftforge.common.BiomeDictionary.checkRegistration(BiomeDictionary.java:425)
	at net.minecraftforge.common.BiomeDictionary.isBiomeOfType(BiomeDictionary.java:250)
	at sereneseasons.config.BiomeConfig.usesTropicalSeasons(BiomeConfig.java:29)
	at sereneseasons.season.SeasonASMHelper.shouldRenderRainSnow(SeasonASMHelper.java:235)
	at net.minecraft.world.biome.BiomeGenBase.func_76746_c(BiomeGenBase.java:759)
	at net.minecraftforge.common.BiomeDictionary.makeBestGuess(BiomeDictionary.java:396)
	at net.minecraftforge.common.BiomeDictionary.checkRegistration(BiomeDictionary.java:425)
	at net.minecraftforge.common.BiomeDictionary.isBiomeOfType(BiomeDictionary.java:250)
	at sereneseasons.config.BiomeConfig.usesTropicalSeasons(BiomeConfig.java:29)
	at sereneseasons.season.SeasonASMHelper.shouldRenderRainSnow(SeasonASMHelper.java:235)
	at net.minecraft.world.biome.BiomeGenBase.func_76746_c(BiomeGenBase.java:759)
	at net.minecraftforge.common.BiomeDictionary.makeBestGuess(BiomeDictionary.java:396)
	at net.minecraftforge.common.BiomeDictionary.checkRegistration(BiomeDictionary.java:425)
	at net.minecraftforge.common.BiomeDictionary.isBiomeOfType(BiomeDictionary.java:250)
	at sereneseasons.config.BiomeConfig.usesTropicalSeasons(BiomeConfig.java:29)
	at sereneseasons.season.SeasonASMHelper.shouldRenderRainSnow(SeasonASMHelper.java:235)
	at net.minecraft.world.biome.BiomeGenBase.func_76746_c(BiomeGenBase.java:759)
	at net.minecraftforge.common.BiomeDictionary.makeBestGuess(BiomeDictionary.java:396)
	at net.minecraftforge.common.BiomeDictionary.checkRegistration(BiomeDictionary.java:425)
	at net.minecraftforge.common.BiomeDictionary.isBiomeOfType(BiomeDictionary.java:250)
	at sereneseasons.config.BiomeConfig.usesTropicalSeasons(BiomeConfig.java:29)
	at sereneseasons.season.SeasonASMHelper.shouldRenderRainSnow(SeasonASMHelper.java:235)
	at net.minecraft.world.biome.BiomeGenBase.func_76746_c(BiomeGenBase.java:759)
	at net.minecraftforge.common.BiomeDictionary.makeBestGuess(BiomeDictionary.java:396)
	at net.minecraftforge.common.BiomeDictionary.checkRegistration(BiomeDictionary.java:425)
	at net.minecraftforge.common.BiomeDictionary.isBiomeOfType(BiomeDictionary.java:250)
	at sereneseasons.config.BiomeConfig.usesTropicalSeasons(BiomeConfig.java:29)
	at sereneseasons.season.SeasonASMHelper.shouldRenderRainSnow(SeasonASMHelper.java:235)
	at net.minecraft.world.biome.BiomeGenBase.func_76746_c(BiomeGenBase.java:759)
	at net.minecraftforge.common.BiomeDictionary.makeBestGuess(BiomeDictionary.java:396)
	at net.minecraftforge.common.BiomeDictionary.checkRegistration(BiomeDictionary.java:425)
	at net.minecraftforge.common.BiomeDictionary.isBiomeOfType(BiomeDictionary.java:250)
	at sereneseasons.config.BiomeConfig.usesTropicalSeasons(BiomeConfig.java:29)
	at sereneseasons.season.SeasonASMHelper.shouldRenderRainSnow(SeasonASMHelper.java:235)
	at net.minecraft.world.biome.BiomeGenBase.func_76746_c(BiomeGenBase.java:759)
	at net.minecraftforge.common.BiomeDictionary.makeBestGuess(BiomeDictionary.java:396)
	at net.minecraftforge.common.BiomeDictionary.checkRegistration(BiomeDictionary.java:425)
	at net.minecraftforge.common.BiomeDictionary.isBiomeOfType(BiomeDictionary.java:250)
	at sereneseasons.config.BiomeConfig.usesTropicalSeasons(BiomeConfig.java:29)
	at sereneseasons.season.SeasonASMHelper.shouldRenderRainSnow(SeasonASMHelper.java:235)
	at net.minecraft.world.biome.BiomeGenBase.func_76746_c(BiomeGenBase.java:759)
	at net.minecraftforge.common.BiomeDictionary.makeBestGuess(BiomeDictionary.java:396)
	at net.minecraftforge.common.BiomeDictionary.checkRegistration(BiomeDictionary.java:425)
	at net.minecraftforge.common.BiomeDictionary.isBiomeOfType(BiomeDictionary.java:250)
	at sereneseasons.config.BiomeConfig.usesTropicalSeasons(BiomeConfig.java:29)
	at sereneseasons.season.SeasonASMHelper.shouldRenderRainSnow(SeasonASMHelper.java:235)
	at net.minecraft.world.biome.BiomeGenBase.func_76746_c(BiomeGenBase.java:759)
	at net.minecraftforge.common.BiomeDictionary.makeBestGuess(BiomeDictionary.java:396)
	at net.minecraftforge.common.BiomeDictionary.checkRegistration(BiomeDictionary.java:425)
	at net.minecraftforge.common.BiomeDictionary.isBiomeOfType(BiomeDictionary.java:250)
	at sereneseasons.config.BiomeConfig.usesTropicalSeasons(BiomeConfig.java:29)
	at sereneseasons.season.SeasonASMHelper.shouldRenderRainSnow(SeasonASMHelper.java:235)
	at net.minecraft.world.biome.BiomeGenBase.func_76746_c(BiomeGenBase.java:759)
	at net.minecraftforge.common.BiomeDictionary.makeBestGuess(BiomeDictionary.java:396)
	at net.minecraftforge.common.BiomeDictionary.checkRegistration(BiomeDictionary.java:425)
	at net.minecraftforge.common.BiomeDictionary.isBiomeOfType(BiomeDictionary.java:250)
	at sereneseasons.config.BiomeConfig.usesTropicalSeasons(BiomeConfig.java:29)
	at sereneseasons.season.SeasonASMHelper.shouldRenderRainSnow(SeasonASMHelper.java:235)
	at net.minecraft.world.biome.BiomeGenBase.func_76746_c(BiomeGenBase.java:759)
	at net.minecraftforge.common.BiomeDictionary.makeBestGuess(BiomeDictionary.java:396)
	at net.minecraftforge.common.BiomeDictionary.checkRegistration(BiomeDictionary.java:425)
	at net.minecraftforge.common.BiomeDictionary.isBiomeOfType(BiomeDictionary.java:250)
	at sereneseasons.config.BiomeConfig.usesTropicalSeasons(BiomeConfig.java:29)
	at sereneseasons.season.SeasonASMHelper.shouldRenderRainSnow(SeasonASMHelper.java:235)
	at net.minecraft.world.biome.BiomeGenBase.func_76746_c(BiomeGenBase.java:759)
	at net.minecraftforge.common.BiomeDictionary.makeBestGuess(BiomeDictionary.java:396)
	at net.minecraftforge.common.BiomeDictionary.checkRegistration(BiomeDictionary.java:425)
	at net.minecraftforge.common.BiomeDictionary.isBiomeOfType(BiomeDictionary.java:250)
	at sereneseasons.config.BiomeConfig.usesTropicalSeasons(BiomeConfig.java:29)
	at sereneseasons.season.SeasonASMHelper.shouldRenderRainSnow(SeasonASMHelper.java:235)
	at net.minecraft.world.biome.BiomeGenBase.func_76746_c(BiomeGenBase.java:759)
	at net.minecraftforge.common.BiomeDictionary.makeBestGuess(BiomeDictionary.java:396)
	at net.minecraftforge.common.BiomeDictionary.checkRegistration(BiomeDictionary.java:425)
	at net.minecraftforge.common.BiomeDictionary.isBiomeOfType(BiomeDictionary.java:250)
	at sereneseasons.config.BiomeConfig.usesTropicalSeasons(BiomeConfig.java:29)
	at sereneseasons.season.SeasonASMHelper.shouldRenderRainSnow(SeasonASMHelper.java:235)
	at net.minecraft.world.biome.BiomeGenBase.func_76746_c(BiomeGenBase.java:759)
	at net.minecraftforge.common.BiomeDictionary.makeBestGuess(BiomeDictionary.java:396)
	at net.minecraftforge.common.BiomeDictionary.checkRegistration(BiomeDictionary.java:425)
	at net.minecraftforge.common.BiomeDictionary.isBiomeOfType(BiomeDictionary.java:250)
	at sereneseasons.config.BiomeConfig.usesTropicalSeasons(BiomeConfig.java:29)
	at sereneseasons.season.SeasonASMHelper.shouldRenderRainSnow(SeasonASMHelper.java:235)
	at net.minecraft.world.biome.BiomeGenBase.func_76746_c(BiomeGenBase.java:759)
	at net.minecraftforge.common.BiomeDictionary.makeBestGuess(BiomeDictionary.java:396)
	at net.minecraftforge.common.BiomeDictionary.checkRegistration(BiomeDictionary.java:425)
	at net.minecraftforge.common.BiomeDictionary.isBiomeOfType(BiomeDictionary.java:250)
	at sereneseasons.config.BiomeConfig.usesTropicalSeasons(BiomeConfig.java:29)
	at sereneseasons.season.SeasonASMHelper.shouldRenderRainSnow(SeasonASMHelper.java:235)
	at net.minecraft.world.biome.BiomeGenBase.func_76746_c(BiomeGenBase.java:759)
	at net.minecraftforge.common.BiomeDictionary.makeBestGuess(BiomeDictionary.java:396)
	at net.minecraftforge.common.BiomeDictionary.checkRegistration(BiomeDictionary.java:425)
	at net.minecraftforge.common.BiomeDictionary.isBiomeOfType(BiomeDictionary.java:250)
	at sereneseasons.config.BiomeConfig.usesTropicalSeasons(BiomeConfig.java:29)
	at sereneseasons.season.SeasonASMHelper.shouldRenderRainSnow(SeasonASMHelper.java:235)
	at net.minecraft.world.biome.BiomeGenBase.func_76746_c(BiomeGenBase.java:759)
	at net.minecraftforge.common.BiomeDictionary.makeBestGuess(BiomeDictionary.java:396)
	at net.minecraftforge.common.BiomeDictionary.checkRegistration(BiomeDictionary.java:425)
	at net.minecraftforge.common.BiomeDictionary.isBiomeOfType(BiomeDictionary.java:250)
	at sereneseasons.config.BiomeConfig.usesTropicalSeasons(BiomeConfig.java:29)
	at sereneseasons.season.SeasonASMHelper.shouldRenderRainSnow(SeasonASMHelper.java:235)
	at net.minecraft.world.biome.BiomeGenBase.func_76746_c(BiomeGenBase.java:759)
	at net.minecraftforge.common.BiomeDictionary.makeBestGuess(BiomeDictionary.java:396)
	at net.minecraftforge.common.BiomeDictionary.checkRegistration(BiomeDictionary.java:425)
	at net.minecraftforge.common.BiomeDictionary.isBiomeOfType(BiomeDictionary.java:250)
	at sereneseasons.config.BiomeConfig.usesTropicalSeasons(BiomeConfig.java:29)
	at sereneseasons.season.SeasonASMHelper.shouldRenderRainSnow(SeasonASMHelper.java:235)
	at net.minecraft.world.biome.BiomeGenBase.func_76746_c(BiomeGenBase.java:759)
	at net.minecraftforge.common.BiomeDictionary.makeBestGuess(BiomeDictionary.java:396)
	at net.minecraftforge.common.BiomeDictionary.checkRegistration(BiomeDictionary.java:425)
	at net.minecraftforge.common.BiomeDictionary.isBiomeOfType(BiomeDictionary.java:250)
	at sereneseasons.config.BiomeConfig.usesTropicalSeasons(BiomeConfig.java:29)
	at sereneseasons.season.SeasonASMHelper.shouldRenderRainSnow(SeasonASMHelper.java:235)
	at net.minecraft.world.biome.BiomeGenBase.func_76746_c(BiomeGenBase.java:759)
	at net.minecraftforge.common.BiomeDictionary.makeBestGuess(BiomeDictionary.java:396)
	at net.minecraftforge.common.BiomeDictionary.checkRegistration(BiomeDictionary.java:425)
	at net.minecraftforge.common.BiomeDictionary.isBiomeOfType(BiomeDictionary.java:250)
	at sereneseasons.config.BiomeConfig.usesTropicalSeasons(BiomeConfig.java:29)
	at sereneseasons.season.SeasonASMHelper.shouldRenderRainSnow(SeasonASMHelper.java:235)
	at net.minecraft.world.biome.BiomeGenBase.func_76746_c(BiomeGenBase.java:759)
	at net.minecraftforge.common.BiomeDictionary.makeBestGuess(BiomeDictionary.java:396)
	at net.minecraftforge.common.BiomeDictionary.checkRegistration(BiomeDictionary.java:425)
	at net.minecraftforge.common.BiomeDictionary.isBiomeOfType(BiomeDictionary.java:250)
	at sereneseasons.config.BiomeConfig.usesTropicalSeasons(BiomeConfig.java:29)
	at sereneseasons.season.SeasonASMHelper.shouldRenderRainSnow(SeasonASMHelper.java:235)
	at net.minecraft.world.biome.BiomeGenBase.func_76746_c(BiomeGenBase.java:759)
	at net.minecraftforge.common.BiomeDictionary.makeBestGuess(BiomeDictionary.java:396)
	at net.minecraftforge.common.BiomeDictionary.checkRegistration(BiomeDictionary.java:425)
	at net.minecraftforge.common.BiomeDictionary.isBiomeOfType(BiomeDictionary.java:250)
	at sereneseasons.config.BiomeConfig.usesTropicalSeasons(BiomeConfig.java:29)
	at sereneseasons.season.SeasonASMHelper.shouldRenderRainSnow(SeasonASMHelper.java:235)
	at net.minecraft.world.biome.BiomeGenBase.func_76746_c(BiomeGenBase.java:759)
	at net.minecraftforge.common.BiomeDictionary.makeBestGuess(BiomeDictionary.java:396)
	at net.minecraftforge.common.BiomeDictionary.checkRegistration(BiomeDictionary.java:425)
	at net.minecraftforge.common.BiomeDictionary.isBiomeOfType(BiomeDictionary.java:250)
	at sereneseasons.config.BiomeConfig.usesTropicalSeasons(BiomeConfig.java:29)
	at sereneseasons.season.SeasonASMHelper.shouldRenderRainSnow(SeasonASMHelper.java:235)
	at net.minecraft.world.biome.BiomeGenBase.func_76746_c(BiomeGenBase.java:759)
	at net.minecraftforge.common.BiomeDictionary.makeBestGuess(BiomeDictionary.java:396)
	at net.minecraftforge.common.BiomeDictionary.checkRegistration(BiomeDictionary.java:425)
	at net.minecraftforge.common.BiomeDictionary.isBiomeOfType(BiomeDictionary.java:250)
	at sereneseasons.config.BiomeConfig.usesTropicalSeasons(BiomeConfig.java:29)
	at sereneseasons.season.SeasonASMHelper.shouldRenderRainSnow(SeasonASMHelper.java:235)
	at net.minecraft.world.biome.BiomeGenBase.func_76746_c(BiomeGenBase.java:759)
	at net.minecraftforge.common.BiomeDictionary.makeBestGuess(BiomeDictionary.java:396)
	at net.minecraftforge.common.BiomeDictionary.checkRegistration(BiomeDictionary.java:425)
	at net.minecraftforge.common.BiomeDictionary.isBiomeOfType(BiomeDictionary.java:250)
	at sereneseasons.config.BiomeConfig.usesTropicalSeasons(BiomeConfig.java:29)
	at sereneseasons.season.SeasonASMHelper.shouldRenderRainSnow(SeasonASMHelper.java:235)
	at net.minecraft.world.biome.BiomeGenBase.func_76746_c(BiomeGenBase.java:759)
	at net.minecraftforge.common.BiomeDictionary.makeBestGuess(BiomeDictionary.java:396)
	at net.minecraftforge.common.BiomeDictionary.checkRegistration(BiomeDictionary.java:425)
	at net.minecraftforge.common.BiomeDictionary.isBiomeOfType(BiomeDictionary.java:250)
	at sereneseasons.config.BiomeConfig.usesTropicalSeasons(BiomeConfig.java:29)
	at sereneseasons.season.SeasonASMHelper.shouldRenderRainSnow(SeasonASMHelper.java:235)
	at net.minecraft.world.biome.BiomeGenBase.func_76746_c(BiomeGenBase.java:759)
	at net.minecraftforge.common.BiomeDictionary.makeBestGuess(BiomeDictionary.java:396)
	at net.minecraftforge.common.BiomeDictionary.checkRegistration(BiomeDictionary.java:425)
	at net.minecraftforge.common.BiomeDictionary.isBiomeOfType(BiomeDictionary.java:250)
	at sereneseasons.config.BiomeConfig.usesTropicalSeasons(BiomeConfig.java:29)
	at sereneseasons.season.SeasonASMHelper.shouldRenderRainSnow(SeasonASMHelper.java:235)
	at net.minecraft.world.biome.BiomeGenBase.func_76746_c(BiomeGenBase.java:759)
	at net.minecraftforge.common.BiomeDictionary.makeBestGuess(BiomeDictionary.java:396)
	at net.minecraftforge.common.BiomeDictionary.checkRegistration(BiomeDictionary.java:425)
	at net.minecraftforge.common.BiomeDictionary.isBiomeOfType(BiomeDictionary.java:250)
	at sereneseasons.config.BiomeConfig.usesTropicalSeasons(BiomeConfig.java:29)
	at sereneseasons.season.SeasonASMHelper.shouldRenderRainSnow(SeasonASMHelper.java:235)
	at net.minecraft.world.biome.BiomeGenBase.func_76746_c(BiomeGenBase.java:759)
	at net.minecraftforge.common.BiomeDictionary.makeBestGuess(BiomeDictionary.java:396)
	at net.minecraftforge.common.BiomeDictionary.checkRegistration(BiomeDictionary.java:425)
	at net.minecraftforge.common.BiomeDictionary.isBiomeOfType(BiomeDictionary.java:250)
	at sereneseasons.config.BiomeConfig.usesTropicalSeasons(BiomeConfig.java:29)
	at sereneseasons.season.SeasonASMHelper.shouldRenderRainSnow(SeasonASMHelper.java:235)
	at net.minecraft.world.biome.BiomeGenBase.func_76746_c(BiomeGenBase.java:759)
	at net.minecraftforge.common.BiomeDictionary.makeBestGuess(BiomeDictionary.java:396)
	at net.minecraftforge.common.BiomeDictionary.checkRegistration(BiomeDictionary.java:425)
	at net.minecraftforge.common.BiomeDictionary.isBiomeOfType(BiomeDictionary.java:250)
	at sereneseasons.config.BiomeConfig.usesTropicalSeasons(BiomeConfig.java:29)
	at sereneseasons.season.SeasonASMHelper.shouldRenderRainSnow(SeasonASMHelper.java:235)
	at net.minecraft.world.biome.BiomeGenBase.func_76746_c(BiomeGenBase.java:759)
	at net.minecraftforge.common.BiomeDictionary.makeBestGuess(BiomeDictionary.java:396)
	at net.minecraftforge.common.BiomeDictionary.checkRegistration(BiomeDictionary.java:425)
	at net.minecraftforge.common.BiomeDictionary.isBiomeOfType(BiomeDictionary.java:250)
	at sereneseasons.config.BiomeConfig.usesTropicalSeasons(BiomeConfig.java:29)
	at sereneseasons.season.SeasonASMHelper.shouldRenderRainSnow(SeasonASMHelper.java:235)
	at net.minecraft.world.biome.BiomeGenBase.func_76746_c(BiomeGenBase.java:759)
	at net.minecraftforge.common.BiomeDictionary.makeBestGuess(BiomeDictionary.java:396)
	at net.minecraftforge.common.BiomeDictionary.checkRegistration(BiomeDictionary.java:425)
	at net.minecraftforge.common.BiomeDictionary.isBiomeOfType(BiomeDictionary.java:250)
	at sereneseasons.config.BiomeConfig.usesTropicalSeasons(BiomeConfig.java:29)
	at sereneseasons.season.SeasonASMHelper.shouldRenderRainSnow(SeasonASMHelper.java:235)
	at net.minecraft.world.biome.BiomeGenBase.func_76746_c(BiomeGenBase.java:759)
	at net.minecraftforge.common.BiomeDictionary.makeBestGuess(BiomeDictionary.java:396)
	at net.minecraftforge.common.BiomeDictionary.checkRegistration(BiomeDictionary.java:425)
	at net.minecraftforge.common.BiomeDictionary.isBiomeOfType(BiomeDictionary.java:250)
	at sereneseasons.config.BiomeConfig.usesTropicalSeasons(BiomeConfig.java:29)
	at sereneseasons.season.SeasonASMHelper.shouldRenderRainSnow(SeasonASMHelper.java:235)
	at net.minecraft.world.biome.BiomeGenBase.func_76746_c(BiomeGenBase.java:759)
	at net.minecraftforge.common.BiomeDictionary.makeBestGuess(BiomeDictionary.java:396)
	at net.minecraftforge.common.BiomeDictionary.checkRegistration(BiomeDictionary.java:425)
	at net.minecraftforge.common.BiomeDictionary.isBiomeOfType(BiomeDictionary.java:250)
	at sereneseasons.config.BiomeConfig.usesTropicalSeasons(BiomeConfig.java:29)
	at sereneseasons.season.SeasonASMHelper.shouldRenderRainSnow(SeasonASMHelper.java:235)
	at net.minecraft.world.biome.BiomeGenBase.func_76746_c(BiomeGenBase.java:759)
	at net.minecraftforge.common.BiomeDictionary.makeBestGuess(BiomeDictionary.java:396)
	at net.minecraftforge.common.BiomeDictionary.checkRegistration(BiomeDictionary.java:425)
	at net.minecraftforge.common.BiomeDictionary.isBiomeOfType(BiomeDictionary.java:250)
	at sereneseasons.config.BiomeConfig.usesTropicalSeasons(BiomeConfig.java:29)
	at sereneseasons.season.SeasonASMHelper.shouldRenderRainSnow(SeasonASMHelper.java:235)
	at net.minecraft.world.biome.BiomeGenBase.func_76746_c(BiomeGenBase.java:759)
	at net.minecraftforge.common.BiomeDictionary.makeBestGuess(BiomeDictionary.java:396)
	at net.minecraftforge.common.BiomeDictionary.checkRegistration(BiomeDictionary.java:425)
	at net.minecraftforge.common.BiomeDictionary.isBiomeOfType(BiomeDictionary.java:250)
	at sereneseasons.config.BiomeConfig.usesTropicalSeasons(BiomeConfig.java:29)
	at sereneseasons.season.SeasonASMHelper.shouldRenderRainSnow(SeasonASMHelper.java:235)
	at net.minecraft.world.biome.BiomeGenBase.func_76746_c(BiomeGenBase.java:759)
	at net.minecraftforge.common.BiomeDictionary.makeBestGuess(BiomeDictionary.java:396)
	at net.minecraftforge.common.BiomeDictionary.checkRegistration(BiomeDictionary.java:425)
	at net.minecraftforge.common.BiomeDictionary.isBiomeOfType(BiomeDictionary.java:250)
	at sereneseasons.config.BiomeConfig.usesTropicalSeasons(BiomeConfig.java:29)
	at sereneseasons.season.SeasonASMHelper.shouldRenderRainSnow(SeasonASMHelper.java:235)
	at net.minecraft.world.biome.BiomeGenBase.func_76746_c(BiomeGenBase.java:759)
	at net.minecraftforge.common.BiomeDictionary.makeBestGuess(BiomeDictionary.java:396)
	at net.minecraftforge.common.BiomeDictionary.checkRegistration(BiomeDictionary.java:425)
	at net.minecraftforge.common.BiomeDictionary.isBiomeOfType(BiomeDictionary.java:250)
	at sereneseasons.config.BiomeConfig.usesTropicalSeasons(BiomeConfig.java:29)
	at sereneseasons.season.SeasonASMHelper.shouldRenderRainSnow(SeasonASMHelper.java:235)
	at net.minecraft.world.biome.BiomeGenBase.func_76746_c(BiomeGenBase.java:759)
	at net.minecraftforge.common.BiomeDictionary.makeBestGuess(BiomeDictionary.java:396)
	at net.minecraftforge.common.BiomeDictionary.checkRegistration(BiomeDictionary.java:425)
	at net.minecraftforge.common.BiomeDictionary.isBiomeOfType(BiomeDictionary.java:250)
	at sereneseasons.config.BiomeConfig.usesTropicalSeasons(BiomeConfig.java:29)
	at sereneseasons.season.SeasonASMHelper.shouldRenderRainSnow(SeasonASMHelper.java:235)
	at net.minecraft.world.biome.BiomeGenBase.func_76746_c(BiomeGenBase.java:759)
	at net.minecraftforge.common.BiomeDictionary.makeBestGuess(BiomeDictionary.java:396)
	at net.minecraftforge.common.BiomeDictionary.checkRegistration(BiomeDictionary.java:425)
	at net.minecraftforge.common.BiomeDictionary.isBiomeOfType(BiomeDictionary.java:250)
	at sereneseasons.config.BiomeConfig.usesTropicalSeasons(BiomeConfig.java:29)
	at sereneseasons.season.SeasonASMHelper.shouldRenderRainSnow(SeasonASMHelper.java:235)
	at net.minecraft.world.biome.BiomeGenBase.func_76746_c(BiomeGenBase.java:759)
	at net.minecraftforge.common.BiomeDictionary.makeBestGuess(BiomeDictionary.java:396)
	at net.minecraftforge.common.BiomeDictionary.checkRegistration(BiomeDictionary.java:425)
	at net.minecraftforge.common.BiomeDictionary.isBiomeOfType(BiomeDictionary.java:250)
	at sereneseasons.config.BiomeConfig.usesTropicalSeasons(BiomeConfig.java:29)
	at sereneseasons.season.SeasonASMHelper.shouldRenderRainSnow(SeasonASMHelper.java:235)
	at net.minecraft.world.biome.BiomeGenBase.func_76746_c(BiomeGenBase.java:759)
	at net.minecraftforge.common.BiomeDictionary.makeBestGuess(BiomeDictionary.java:396)
	at net.minecraftforge.common.BiomeDictionary.checkRegistration(BiomeDictionary.java:425)
	at net.minecraftforge.common.BiomeDictionary.isBiomeOfType(BiomeDictionary.java:250)
	at sereneseasons.config.BiomeConfig.usesTropicalSeasons(BiomeConfig.java:29)
	at sereneseasons.season.SeasonASMHelper.shouldRenderRainSnow(SeasonASMHelper.java:235)
	at net.minecraft.world.biome.BiomeGenBase.func_76746_c(BiomeGenBase.java:759)
	at net.minecraftforge.common.BiomeDictionary.makeBestGuess(BiomeDictionary.java:396)
	at net.minecraftforge.common.BiomeDictionary.checkRegistration(BiomeDictionary.java:425)
	at net.minecraftforge.common.BiomeDictionary.isBiomeOfType(BiomeDictionary.java:250)
	at sereneseasons.config.BiomeConfig.usesTropicalSeasons(BiomeConfig.java:29)
	at sereneseasons.season.SeasonASMHelper.shouldRenderRainSnow(SeasonASMHelper.java:235)
	at net.minecraft.world.biome.BiomeGenBase.func_76746_c(BiomeGenBase.java:759)
	at net.minecraftforge.common.BiomeDictionary.makeBestGuess(BiomeDictionary.java:396)
	at net.minecraftforge.common.BiomeDictionary.checkRegistration(BiomeDictionary.java:425)
	at net.minecraftforge.common.BiomeDictionary.isBiomeOfType(BiomeDictionary.java:250)
	at sereneseasons.config.BiomeConfig.usesTropicalSeasons(BiomeConfig.java:29)
	at sereneseasons.season.SeasonASMHelper.shouldRenderRainSnow(SeasonASMHelper.java:235)
	at net.minecraft.world.biome.BiomeGenBase.func_76746_c(BiomeGenBase.java:759)
	at net.minecraftforge.common.BiomeDictionary.makeBestGuess(BiomeDictionary.java:396)
	at net.minecraftforge.common.BiomeDictionary.checkRegistration(BiomeDictionary.java:425)
	at net.minecraftforge.common.BiomeDictionary.isBiomeOfType(BiomeDictionary.java:250)
	at sereneseasons.config.BiomeConfig.usesTropicalSeasons(BiomeConfig.java:29)
	at sereneseasons.season.SeasonASMHelper.shouldRenderRainSnow(SeasonASMHelper.java:235)
	at net.minecraft.world.biome.BiomeGenBase.func_76746_c(BiomeGenBase.java:759)
	at net.minecraftforge.common.BiomeDictionary.makeBestGuess(BiomeDictionary.java:396)
	at net.minecraftforge.common.BiomeDictionary.checkRegistration(BiomeDictionary.java:425)
	at net.minecraftforge.common.BiomeDictionary.isBiomeOfType(BiomeDictionary.java:250)
	at sereneseasons.config.BiomeConfig.usesTropicalSeasons(BiomeConfig.java:29)
	at sereneseasons.season.SeasonASMHelper.shouldRenderRainSnow(SeasonASMHelper.java:235)
	at net.minecraft.world.biome.BiomeGenBase.func_76746_c(BiomeGenBase.java:759)
	at net.minecraftforge.common.BiomeDictionary.makeBestGuess(BiomeDictionary.java:396)
	at net.minecraftforge.common.BiomeDictionary.checkRegistration(BiomeDictionary.java:425)
	at net.minecraftforge.common.BiomeDictionary.isBiomeOfType(BiomeDictionary.java:250)
	at sereneseasons.config.BiomeConfig.usesTropicalSeasons(BiomeConfig.java:29)
	at sereneseasons.season.SeasonASMHelper.shouldRenderRainSnow(SeasonASMHelper.java:235)
	at net.minecraft.world.biome.BiomeGenBase.func_76746_c(BiomeGenBase.java:759)
	at net.minecraftforge.common.BiomeDictionary.makeBestGuess(BiomeDictionary.java:396)
	at net.minecraftforge.common.BiomeDictionary.checkRegistration(BiomeDictionary.java:425)
	at net.minecraftforge.common.BiomeDictionary.isBiomeOfType(BiomeDictionary.java:250)
	at sereneseasons.config.BiomeConfig.usesTropicalSeasons(BiomeConfig.java:29)
	at sereneseasons.season.SeasonASMHelper.shouldRenderRainSnow(SeasonASMHelper.java:235)
	at net.minecraft.world.biome.BiomeGenBase.func_76746_c(BiomeGenBase.java:759)
	at net.minecraftforge.common.BiomeDictionary.makeBestGuess(BiomeDictionary.java:396)
	at net.minecraftforge.common.BiomeDictionary.checkRegistration(BiomeDictionary.java:425)
	at net.minecraftforge.common.BiomeDictionary.isBiomeOfType(BiomeDictionary.java:250)
	at sereneseasons.config.BiomeConfig.usesTropicalSeasons(BiomeConfig.java:29)
	at sereneseasons.season.SeasonASMHelper.shouldRenderRainSnow(SeasonASMHelper.java:235)
	at net.minecraft.world.biome.BiomeGenBase.func_76746_c(BiomeGenBase.java:759)
	at net.minecraftforge.common.BiomeDictionary.makeBestGuess(BiomeDictionary.java:396)
	at net.minecraftforge.common.BiomeDictionary.checkRegistration(BiomeDictionary.java:425)
	at net.minecraftforge.common.BiomeDictionary.isBiomeOfType(BiomeDictionary.java:250)
	at sereneseasons.config.BiomeConfig.usesTropicalSeasons(BiomeConfig.java:29)
	at sereneseasons.season.SeasonASMHelper.shouldRenderRainSnow(SeasonASMHelper.java:235)
	at net.minecraft.world.biome.BiomeGenBase.func_76746_c(BiomeGenBase.java:759)
	at net.minecraftforge.common.BiomeDictionary.makeBestGuess(BiomeDictionary.java:396)
	at net.minecraftforge.common.BiomeDictionary.checkRegistration(BiomeDictionary.java:425)
	at net.minecraftforge.common.BiomeDictionary.isBiomeOfType(BiomeDictionary.java:250)
	at sereneseasons.config.BiomeConfig.usesTropicalSeasons(BiomeConfig.java:29)
	at sereneseasons.season.SeasonASMHelper.shouldRenderRainSnow(SeasonASMHelper.java:235)
	at net.minecraft.world.biome.BiomeGenBase.func_76746_c(BiomeGenBase.java:759)
	at net.minecraftforge.common.BiomeDictionary.makeBestGuess(BiomeDictionary.java:396)
	at net.minecraftforge.common.BiomeDictionary.checkRegistration(BiomeDictionary.java:425)
	at net.minecraftforge.common.BiomeDictionary.isBiomeOfType(BiomeDictionary.java:250)
	at sereneseasons.config.BiomeConfig.usesTropicalSeasons(BiomeConfig.java:29)
	at sereneseasons.season.SeasonASMHelper.shouldRenderRainSnow(SeasonASMHelper.java:235)
	at net.minecraft.world.biome.BiomeGenBase.func_76746_c(BiomeGenBase.java:759)
	at net.minecraftforge.common.BiomeDictionary.makeBestGuess(BiomeDictionary.java:396)
	at net.minecraftforge.common.BiomeDictionary.checkRegistration(BiomeDictionary.java:425)
	at net.minecraftforge.common.BiomeDictionary.isBiomeOfType(BiomeDictionary.java:250)
	at sereneseasons.config.BiomeConfig.usesTropicalSeasons(BiomeConfig.java:29)
	at sereneseasons.season.SeasonASMHelper.shouldRenderRainSnow(SeasonASMHelper.java:235)
	at net.minecraft.world.biome.BiomeGenBase.func_76746_c(BiomeGenBase.java:759)
	at net.minecraftforge.common.BiomeDictionary.makeBestGuess(BiomeDictionary.java:396)
	at net.minecraftforge.common.BiomeDictionary.checkRegistration(BiomeDictionary.java:425)
	at net.minecraftforge.common.BiomeDictionary.isBiomeOfType(BiomeDictionary.java:250)
	at sereneseasons.config.BiomeConfig.usesTropicalSeasons(BiomeConfig.java:29)
	at sereneseasons.season.SeasonASMHelper.shouldRenderRainSnow(SeasonASMHelper.java:235)
	at net.minecraft.world.biome.BiomeGenBase.func_76746_c(BiomeGenBase.java:759)
	at net.minecraftforge.common.BiomeDictionary.makeBestGuess(BiomeDictionary.java:396)
	at net.minecraftforge.common.BiomeDictionary.checkRegistration(BiomeDictionary.java:425)
	at net.minecraftforge.common.BiomeDictionary.isBiomeOfType(BiomeDictionary.java:250)
	at sereneseasons.config.BiomeConfig.usesTropicalSeasons(BiomeConfig.java:29)
	at sereneseasons.season.SeasonASMHelper.shouldRenderRainSnow(SeasonASMHelper.java:235)
	at net.minecraft.world.biome.BiomeGenBase.func_76746_c(BiomeGenBase.java:759)
	at net.minecraftforge.common.BiomeDictionary.makeBestGuess(BiomeDictionary.java:396)
	at net.minecraftforge.common.BiomeDictionary.checkRegistration(BiomeDictionary.java:425)
	at net.minecraftforge.common.BiomeDictionary.isBiomeOfType(BiomeDictionary.java:250)
	at sereneseasons.config.BiomeConfig.usesTropicalSeasons(BiomeConfig.java:29)
	at sereneseasons.season.SeasonASMHelper.shouldRenderRainSnow(SeasonASMHelper.java:235)
	at net.minecraft.world.biome.BiomeGenBase.func_76746_c(BiomeGenBase.java:759)
	at net.minecraftforge.common.BiomeDictionary.makeBestGuess(BiomeDictionary.java:396)
	at net.minecraftforge.common.BiomeDictionary.checkRegistration(BiomeDictionary.java:425)
	at net.minecraftforge.common.BiomeDictionary.isBiomeOfType(BiomeDictionary.java:250)
	at sereneseasons.config.BiomeConfig.usesTropicalSeasons(BiomeConfig.java:29)
	at sereneseasons.season.SeasonASMHelper.shouldRenderRainSnow(SeasonASMHelper.java:235)
	at net.minecraft.world.biome.BiomeGenBase.func_76746_c(BiomeGenBase.java:759)
	at net.minecraftforge.common.BiomeDictionary.makeBestGuess(BiomeDictionary.java:396)
	at net.minecraftforge.common.BiomeDictionary.checkRegistration(BiomeDictionary.java:425)
	at net.minecraftforge.common.BiomeDictionary.isBiomeOfType(BiomeDictionary.java:250)
	at sereneseasons.config.BiomeConfig.usesTropicalSeasons(BiomeConfig.java:29)
	at sereneseasons.season.SeasonASMHelper.shouldRenderRainSnow(SeasonASMHelper.java:235)
	at net.minecraft.world.biome.BiomeGenBase.func_76746_c(BiomeGenBase.java:759)
	at net.minecraftforge.common.BiomeDictionary.makeBestGuess(BiomeDictionary.java:396)
	at net.minecraftforge.common.BiomeDictionary.checkRegistration(BiomeDictionary.java:425)
	at net.minecraftforge.common.BiomeDictionary.isBiomeOfType(BiomeDictionary.java:250)
	at sereneseasons.config.BiomeConfig.usesTropicalSeasons(BiomeConfig.java:29)
	at sereneseasons.season.SeasonASMHelper.shouldRenderRainSnow(SeasonASMHelper.java:235)
	at net.minecraft.world.biome.BiomeGenBase.func_76746_c(BiomeGenBase.java:759)
	at net.minecraftforge.common.BiomeDictionary.makeBestGuess(BiomeDictionary.java:396)
	at net.minecraftforge.common.BiomeDictionary.checkRegistration(BiomeDictionary.java:425)
	at net.minecraftforge.common.BiomeDictionary.isBiomeOfType(BiomeDictionary.java:250)
	at sereneseasons.config.BiomeConfig.usesTropicalSeasons(BiomeConfig.java:29)
	at sereneseasons.season.SeasonASMHelper.shouldRenderRainSnow(SeasonASMHelper.java:235)
	at net.minecraft.world.biome.BiomeGenBase.func_76746_c(BiomeGenBase.java:759)
	at net.minecraftforge.common.BiomeDictionary.makeBestGuess(BiomeDictionary.java:396)
	at net.minecraftforge.common.BiomeDictionary.checkRegistration(BiomeDictionary.java:425)
	at net.minecraftforge.common.BiomeDictionary.isBiomeOfType(BiomeDictionary.java:250)
	at sereneseasons.config.BiomeConfig.usesTropicalSeasons(BiomeConfig.java:29)
	at sereneseasons.season.SeasonASMHelper.shouldRenderRainSnow(SeasonASMHelper.java:235)
	at net.minecraft.world.biome.BiomeGenBase.func_76746_c(BiomeGenBase.java:759)
	at net.minecraftforge.common.BiomeDictionary.makeBestGuess(BiomeDictionary.java:396)
	at net.minecraftforge.common.BiomeDictionary.checkRegistration(BiomeDictionary.java:425)
	at net.minecraftforge.common.BiomeDictionary.isBiomeOfType(BiomeDictionary.java:250)
	at sereneseasons.config.BiomeConfig.usesTropicalSeasons(BiomeConfig.java:29)
	at sereneseasons.season.SeasonASMHelper.shouldRenderRainSnow(SeasonASMHelper.java:235)
	at net.minecraft.world.biome.BiomeGenBase.func_76746_c(BiomeGenBase.java:759)
	at net.minecraftforge.common.BiomeDictionary.makeBestGuess(BiomeDictionary.java:396)
	at net.minecraftforge.common.BiomeDictionary.checkRegistration(BiomeDictionary.java:425)
	at net.minecraftforge.common.BiomeDictionary.isBiomeOfType(BiomeDictionary.java:250)
	at sereneseasons.config.BiomeConfig.usesTropicalSeasons(BiomeConfig.java:29)
	at sereneseasons.season.SeasonASMHelper.shouldRenderRainSnow(SeasonASMHelper.java:235)
	at net.minecraft.world.biome.BiomeGenBase.func_76746_c(BiomeGenBase.java:759)
	at net.minecraftforge.common.BiomeDictionary.makeBestGuess(BiomeDictionary.java:396)
	at net.minecraftforge.common.BiomeDictionary.checkRegistration(BiomeDictionary.java:425)
	at net.minecraftforge.common.BiomeDictionary.isBiomeOfType(BiomeDictionary.java:250)
	at sereneseasons.config.BiomeConfig.usesTropicalSeasons(BiomeConfig.java:29)
	at sereneseasons.season.SeasonASMHelper.shouldRenderRainSnow(SeasonASMHelper.java:235)
	at net.minecraft.world.biome.BiomeGenBase.func_76746_c(BiomeGenBase.java:759)
	at net.minecraftforge.common.BiomeDictionary.makeBestGuess(BiomeDictionary.java:396)
	at net.minecraftforge.common.BiomeDictionary.checkRegistration(BiomeDictionary.java:425)
	at net.minecraftforge.common.BiomeDictionary.isBiomeOfType(BiomeDictionary.java:250)
	at sereneseasons.config.BiomeConfig.usesTropicalSeasons(BiomeConfig.java:29)
	at sereneseasons.season.SeasonASMHelper.shouldRenderRainSnow(SeasonASMHelper.java:235)
	at net.minecraft.world.biome.BiomeGenBase.func_76746_c(BiomeGenBase.java:759)
	at net.minecraftforge.common.BiomeDictionary.makeBestGuess(BiomeDictionary.java:396)
	at net.minecraftforge.common.BiomeDictionary.checkRegistration(BiomeDictionary.java:425)
	at net.minecraftforge.common.BiomeDictionary.isBiomeOfType(BiomeDictionary.java:250)
	at sereneseasons.config.BiomeConfig.usesTropicalSeasons(BiomeConfig.java:29)
	at sereneseasons.season.SeasonASMHelper.shouldRenderRainSnow(SeasonASMHelper.java:235)
	at net.minecraft.world.biome.BiomeGenBase.func_76746_c(BiomeGenBase.java:759)
	at net.minecraftforge.common.BiomeDictionary.makeBestGuess(BiomeDictionary.java:396)
	at net.minecraftforge.common.BiomeDictionary.checkRegistration(BiomeDictionary.java:425)
	at net.minecraftforge.common.BiomeDictionary.isBiomeOfType(BiomeDictionary.java:250)
	at sereneseasons.config.BiomeConfig.usesTropicalSeasons(BiomeConfig.java:29)
	at sereneseasons.season.SeasonASMHelper.shouldRenderRainSnow(SeasonASMHelper.java:235)
	at net.minecraft.world.biome.BiomeGenBase.func_76746_c(BiomeGenBase.java:759)
	at net.minecraftforge.common.BiomeDictionary.makeBestGuess(BiomeDictionary.java:396)
	at net.minecraftforge.common.BiomeDictionary.checkRegistration(BiomeDictionary.java:425)
	at net.minecraftforge.common.BiomeDictionary.isBiomeOfType(BiomeDictionary.java:250)
	at sereneseasons.config.BiomeConfig.usesTropicalSeasons(BiomeConfig.java:29)
	at sereneseasons.season.SeasonASMHelper.shouldRenderRainSnow(SeasonASMHelper.java:235)
	at net.minecraft.world.biome.BiomeGenBase.func_76746_c(BiomeGenBase.java:759)
	at net.minecraftforge.common.BiomeDictionary.makeBestGuess(BiomeDictionary.java:396)
	at net.minecraftforge.common.BiomeDictionary.checkRegistration(BiomeDictionary.java:425)
	at net.minecraftforge.common.BiomeDictionary.isBiomeOfType(BiomeDictionary.java:250)
	at sereneseasons.config.BiomeConfig.usesTropicalSeasons(BiomeConfig.java:29)
	at sereneseasons.season.SeasonASMHelper.shouldRenderRainSnow(SeasonASMHelper.java:235)
	at net.minecraft.world.biome.BiomeGenBase.func_76746_c(BiomeGenBase.java:759)
	at net.minecraftforge.common.BiomeDictionary.makeBestGuess(BiomeDictionary.java:396)
	at net.minecraftforge.common.BiomeDictionary.checkRegistration(BiomeDictionary.java:425)
	at net.minecraftforge.common.BiomeDictionary.isBiomeOfType(BiomeDictionary.java:250)
	at sereneseasons.config.BiomeConfig.usesTropicalSeasons(BiomeConfig.java:29)
	at sereneseasons.season.SeasonASMHelper.shouldRenderRainSnow(SeasonASMHelper.java:235)
	at net.minecraft.world.biome.BiomeGenBase.func_76746_c(BiomeGenBase.java:759)
	at net.minecraftforge.common.BiomeDictionary.makeBestGuess(BiomeDictionary.java:396)
	at net.minecraftforge.common.BiomeDictionary.checkRegistration(BiomeDictionary.java:425)
	at net.minecraftforge.common.BiomeDictionary.isBiomeOfType(BiomeDictionary.java:250)
	at sereneseasons.config.BiomeConfig.usesTropicalSeasons(BiomeConfig.java:29)
	at sereneseasons.season.SeasonASMHelper.shouldRenderRainSnow(SeasonASMHelper.java:235)
	at net.minecraft.world.biome.BiomeGenBase.func_76746_c(BiomeGenBase.java:759)
	at net.minecraftforge.common.BiomeDictionary.makeBestGuess(BiomeDictionary.java:396)
	at net.minecraftforge.common.BiomeDictionary.checkRegistration(BiomeDictionary.java:425)
	at net.minecraftforge.common.BiomeDictionary.isBiomeOfType(BiomeDictionary.java:250)
	at sereneseasons.config.BiomeConfig.usesTropicalSeasons(BiomeConfig.java:29)
	at sereneseasons.season.SeasonASMHelper.shouldRenderRainSnow(SeasonASMHelper.java:235)
	at net.minecraft.world.biome.BiomeGenBase.func_76746_c(BiomeGenBase.java:759)
	at net.minecraftforge.common.BiomeDictionary.makeBestGuess(BiomeDictionary.java:396)
	at net.minecraftforge.common.BiomeDictionary.checkRegistration(BiomeDictionary.java:425)
	at net.minecraftforge.common.BiomeDictionary.isBiomeOfType(BiomeDictionary.java:250)
	at sereneseasons.config.BiomeConfig.usesTropicalSeasons(BiomeConfig.java:29)
	at sereneseasons.season.SeasonASMHelper.shouldRenderRainSnow(SeasonASMHelper.java:235)
	at net.minecraft.world.biome.BiomeGenBase.func_76746_c(BiomeGenBase.java:759)
	at net.minecraftforge.common.BiomeDictionary.makeBestGuess(BiomeDictionary.java:396)
	at net.minecraftforge.common.BiomeDictionary.checkRegistration(BiomeDictionary.java:425)
	at net.minecraftforge.common.BiomeDictionary.isBiomeOfType(BiomeDictionary.java:250)
	at sereneseasons.config.BiomeConfig.usesTropicalSeasons(BiomeConfig.java:29)
	at sereneseasons.season.SeasonASMHelper.shouldRenderRainSnow(SeasonASMHelper.java:235)
	at net.minecraft.world.biome.BiomeGenBase.func_76746_c(BiomeGenBase.java:759)
	at net.minecraftforge.common.BiomeDictionary.makeBestGuess(BiomeDictionary.java:396)
	at net.minecraftforge.common.BiomeDictionary.checkRegistration(BiomeDictionary.java:425)
	at net.minecraftforge.common.BiomeDictionary.isBiomeOfType(BiomeDictionary.java:250)
	at sereneseasons.config.BiomeConfig.usesTropicalSeasons(BiomeConfig.java:29)
	at sereneseasons.season.SeasonASMHelper.shouldRenderRainSnow(SeasonASMHelper.java:235)
	at net.minecraft.world.biome.BiomeGenBase.func_76746_c(BiomeGenBase.java:759)
	at net.minecraftforge.common.BiomeDictionary.makeBestGuess(BiomeDictionary.java:396)
	at net.minecraftforge.common.BiomeDictionary.checkRegistration(BiomeDictionary.java:425)
	at net.minecraftforge.common.BiomeDictionary.isBiomeOfType(BiomeDictionary.java:250)
	at sereneseasons.config.BiomeConfig.usesTropicalSeasons(BiomeConfig.java:29)
	at sereneseasons.season.SeasonASMHelper.shouldRenderRainSnow(SeasonASMHelper.java:235)
	at net.minecraft.world.biome.BiomeGenBase.func_76746_c(BiomeGenBase.java:759)
	at net.minecraftforge.common.BiomeDictionary.makeBestGuess(BiomeDictionary.java:396)
	at net.minecraftforge.common.BiomeDictionary.checkRegistration(BiomeDictionary.java:425)
	at net.minecraftforge.common.BiomeDictionary.isBiomeOfType(BiomeDictionary.java:250)
	at sereneseasons.config.BiomeConfig.usesTropicalSeasons(BiomeConfig.java:29)
	at sereneseasons.season.SeasonASMHelper.shouldRenderRainSnow(SeasonASMHelper.java:235)
	at net.minecraft.world.biome.BiomeGenBase.func_76746_c(BiomeGenBase.java:759)
	at net.minecraftforge.common.BiomeDictionary.makeBestGuess(BiomeDictionary.java:396)
	at net.minecraftforge.common.BiomeDictionary.checkRegistration(BiomeDictionary.java:425)
	at net.minecraftforge.common.BiomeDictionary.isBiomeOfType(BiomeDictionary.java:250)
	at sereneseasons.config.BiomeConfig.usesTropicalSeasons(BiomeConfig.java:29)
	at sereneseasons.season.SeasonASMHelper.shouldRenderRainSnow(SeasonASMHelper.java:235)
	at net.minecraft.world.biome.BiomeGenBase.func_76746_c(BiomeGenBase.java:759)
	at net.minecraftforge.common.BiomeDictionary.makeBestGuess(BiomeDictionary.java:396)
	at net.minecraftforge.common.BiomeDictionary.checkRegistration(BiomeDictionary.java:425)
	at net.minecraftforge.common.BiomeDictionary.isBiomeOfType(BiomeDictionary.java:250)
	at sereneseasons.config.BiomeConfig.usesTropicalSeasons(BiomeConfig.java:29)
	at sereneseasons.season.SeasonASMHelper.shouldRenderRainSnow(SeasonASMHelper.java:235)
	at net.minecraft.world.biome.BiomeGenBase.func_76746_c(BiomeGenBase.java:759)
	at net.minecraftforge.common.BiomeDictionary.makeBestGuess(BiomeDictionary.java:396)
	at net.minecraftforge.common.BiomeDictionary.checkRegistration(BiomeDictionary.java:425)
	at net.minecraftforge.common.BiomeDictionary.isBiomeOfType(BiomeDictionary.java:250)
	at sereneseasons.config.BiomeConfig.usesTropicalSeasons(BiomeConfig.java:29)
	at sereneseasons.season.SeasonASMHelper.shouldRenderRainSnow(SeasonASMHelper.java:235)
	at net.minecraft.world.biome.BiomeGenBase.func_76746_c(BiomeGenBase.java:759)
	at net.minecraftforge.common.BiomeDictionary.makeBestGuess(BiomeDictionary.java:396)
	at net.minecraftforge.common.BiomeDictionary.checkRegistration(BiomeDictionary.java:425)
	at net.minecraftforge.common.BiomeDictionary.isBiomeOfType(BiomeDictionary.java:250)
	at sereneseasons.config.BiomeConfig.usesTropicalSeasons(BiomeConfig.java:29)
	at sereneseasons.season.SeasonASMHelper.shouldRenderRainSnow(SeasonASMHelper.java:235)
	at net.minecraft.world.biome.BiomeGenBase.func_76746_c(BiomeGenBase.java:759)
	at net.minecraftforge.common.BiomeDictionary.makeBestGuess(BiomeDictionary.java:396)
	at net.minecraftforge.common.BiomeDictionary.checkRegistration(BiomeDictionary.java:425)
	at net.minecraftforge.common.BiomeDictionary.isBiomeOfType(BiomeDictionary.java:250)
	at sereneseasons.config.BiomeConfig.usesTropicalSeasons(BiomeConfig.java:29)
	at sereneseasons.season.SeasonASMHelper.shouldRenderRainSnow(SeasonASMHelper.java:235)
	at net.minecraft.world.biome.BiomeGenBase.func_76746_c(BiomeGenBase.java:759)
	at net.minecraftforge.common.BiomeDictionary.makeBestGuess(BiomeDictionary.java:396)
	at net.minecraftforge.common.BiomeDictionary.checkRegistration(BiomeDictionary.java:425)
	at net.minecraftforge.common.BiomeDictionary.isBiomeOfType(BiomeDictionary.java:250)
	at sereneseasons.config.BiomeConfig.usesTropicalSeasons(BiomeConfig.java:29)
	at sereneseasons.season.SeasonASMHelper.shouldRenderRainSnow(SeasonASMHelper.java:235)
	at net.minecraft.world.biome.BiomeGenBase.func_76746_c(BiomeGenBase.java:759)
	at net.minecraftforge.common.BiomeDictionary.makeBestGuess(BiomeDictionary.java:396)
	at net.minecraftforge.common.BiomeDictionary.checkRegistration(BiomeDictionary.java:425)
	at net.minecraftforge.common.BiomeDictionary.isBiomeOfType(BiomeDictionary.java:250)
	at sereneseasons.config.BiomeConfig.usesTropicalSeasons(BiomeConfig.java:29)
	at sereneseasons.season.SeasonASMHelper.shouldRenderRainSnow(SeasonASMHelper.java:235)
	at net.minecraft.world.biome.BiomeGenBase.func_76746_c(BiomeGenBase.java:759)
	at net.minecraftforge.common.BiomeDictionary.makeBestGuess(BiomeDictionary.java:396)
	at net.minecraftforge.common.BiomeDictionary.checkRegistration(BiomeDictionary.java:425)
	at net.minecraftforge.common.BiomeDictionary.isBiomeOfType(BiomeDictionary.java:250)
	at sereneseasons.config.BiomeConfig.usesTropicalSeasons(BiomeConfig.java:29)
	at sereneseasons.season.SeasonASMHelper.shouldRenderRainSnow(SeasonASMHelper.java:235)
	at net.minecraft.world.biome.BiomeGenBase.func_76746_c(BiomeGenBase.java:759)
	at net.minecraftforge.common.BiomeDictionary.makeBestGuess(BiomeDictionary.java:396)
	at net.minecraftforge.common.BiomeDictionary.checkRegistration(BiomeDictionary.java:425)
	at net.minecraftforge.common.BiomeDictionary.isBiomeOfType(BiomeDictionary.java:250)
	at sereneseasons.config.BiomeConfig.usesTropicalSeasons(BiomeConfig.java:29)
	at sereneseasons.season.SeasonASMHelper.shouldRenderRainSnow(SeasonASMHelper.java:235)
	at net.minecraft.world.biome.BiomeGenBase.func_76746_c(BiomeGenBase.java:759)
	at net.minecraftforge.common.BiomeDictionary.makeBestGuess(BiomeDictionary.java:396)
	at net.minecraftforge.common.BiomeDictionary.checkRegistration(BiomeDictionary.java:425)
	at net.minecraftforge.common.BiomeDictionary.isBiomeOfType(BiomeDictionary.java:250)
	at sereneseasons.config.BiomeConfig.usesTropicalSeasons(BiomeConfig.java:29)
	at sereneseasons.season.SeasonASMHelper.shouldRenderRainSnow(SeasonASMHelper.java:235)
	at net.minecraft.world.biome.BiomeGenBase.func_76746_c(BiomeGenBase.java:759)
	at net.minecraftforge.common.BiomeDictionary.makeBestGuess(BiomeDictionary.java:396)
	at net.minecraftforge.common.BiomeDictionary.checkRegistration(BiomeDictionary.java:425)
	at net.minecraftforge.common.BiomeDictionary.isBiomeOfType(BiomeDictionary.java:250)
	at sereneseasons.config.BiomeConfig.usesTropicalSeasons(BiomeConfig.java:29)
	at sereneseasons.season.SeasonASMHelper.shouldRenderRainSnow(SeasonASMHelper.java:235)
	at net.minecraft.world.biome.BiomeGenBase.func_76746_c(BiomeGenBase.java:759)
	at net.minecraftforge.common.BiomeDictionary.makeBestGuess(BiomeDictionary.java:396)
	at net.minecraftforge.common.BiomeDictionary.checkRegistration(BiomeDictionary.java:425)
	at net.minecraftforge.common.BiomeDictionary.isBiomeOfType(BiomeDictionary.java:250)
	at sereneseasons.config.BiomeConfig.usesTropicalSeasons(BiomeConfig.java:29)
	at sereneseasons.season.SeasonASMHelper.shouldRenderRainSnow(SeasonASMHelper.java:235)
	at net.minecraft.world.biome.BiomeGenBase.func_76746_c(BiomeGenBase.java:759)
	at net.minecraftforge.common.BiomeDictionary.makeBestGuess(BiomeDictionary.java:396)
	at net.minecraftforge.common.BiomeDictionary.checkRegistration(BiomeDictionary.java:425)
	at net.minecraftforge.common.BiomeDictionary.isBiomeOfType(BiomeDictionary.java:250)
	at sereneseasons.config.BiomeConfig.usesTropicalSeasons(BiomeConfig.java:29)
	at sereneseasons.season.SeasonASMHelper.shouldRenderRainSnow(SeasonASMHelper.java:235)
	at net.minecraft.world.biome.BiomeGenBase.func_76746_c(BiomeGenBase.java:759)
	at net.minecraftforge.common.BiomeDictionary.makeBestGuess(BiomeDictionary.java:396)
	at net.minecraftforge.common.BiomeDictionary.checkRegistration(BiomeDictionary.java:425)
	at net.minecraftforge.common.BiomeDictionary.isBiomeOfType(BiomeDictionary.java:250)
	at sereneseasons.config.BiomeConfig.usesTropicalSeasons(BiomeConfig.java:29)
	at sereneseasons.season.SeasonASMHelper.shouldRenderRainSnow(SeasonASMHelper.java:235)
	at net.minecraft.world.biome.BiomeGenBase.func_76746_c(BiomeGenBase.java:759)
	at net.minecraftforge.common.BiomeDictionary.makeBestGuess(BiomeDictionary.java:396)
	at net.minecraftforge.common.BiomeDictionary.checkRegistration(BiomeDictionary.java:425)
	at net.minecraftforge.common.BiomeDictionary.isBiomeOfType(BiomeDictionary.java:250)
	at sereneseasons.config.BiomeConfig.usesTropicalSeasons(BiomeConfig.java:29)
	at sereneseasons.season.SeasonASMHelper.shouldRenderRainSnow(SeasonASMHelper.java:235)
	at net.minecraft.world.biome.BiomeGenBase.func_76746_c(BiomeGenBase.java:759)
	at net.minecraftforge.common.BiomeDictionary.makeBestGuess(BiomeDictionary.java:396)
	at net.minecraftforge.common.BiomeDictionary.checkRegistration(BiomeDictionary.java:425)
	at net.minecraftforge.common.BiomeDictionary.isBiomeOfType(BiomeDictionary.java:250)
	at sereneseasons.config.BiomeConfig.usesTropicalSeasons(BiomeConfig.java:29)
	at sereneseasons.season.SeasonASMHelper.shouldRenderRainSnow(SeasonASMHelper.java:235)
	at net.minecraft.world.biome.BiomeGenBase.func_76746_c(BiomeGenBase.java:759)
	at net.minecraftforge.common.BiomeDictionary.makeBestGuess(BiomeDictionary.java:396)
	at net.minecraftforge.common.BiomeDictionary.checkRegistration(BiomeDictionary.java:425)
	at net.minecraftforge.common.BiomeDictionary.isBiomeOfType(BiomeDictionary.java:250)
	at sereneseasons.config.BiomeConfig.usesTropicalSeasons(BiomeConfig.java:29)
	at sereneseasons.season.SeasonASMHelper.shouldRenderRainSnow(SeasonASMHelper.java:235)
	at net.minecraft.world.biome.BiomeGenBase.func_76746_c(BiomeGenBase.java:759)
	at net.minecraftforge.common.BiomeDictionary.makeBestGuess(BiomeDictionary.java:396)
	at net.minecraftforge.common.BiomeDictionary.checkRegistration(BiomeDictionary.java:425)
	at net.minecraftforge.common.BiomeDictionary.isBiomeOfType(BiomeDictionary.java:250)
	at sereneseasons.config.BiomeConfig.usesTropicalSeasons(BiomeConfig.java:29)
	at sereneseasons.season.SeasonASMHelper.shouldRenderRainSnow(SeasonASMHelper.java:235)
	at net.minecraft.world.biome.BiomeGenBase.func_76746_c(BiomeGenBase.java:759)
	at net.minecraftforge.common.BiomeDictionary.makeBestGuess(BiomeDictionary.java:396)
	at net.minecraftforge.common.BiomeDictionary.checkRegistration(BiomeDictionary.java:425)
	at net.minecraftforge.common.BiomeDictionary.isBiomeOfType(BiomeDictionary.java:250)
	at sereneseasons.config.BiomeConfig.usesTropicalSeasons(BiomeConfig.java:29)
	at sereneseasons.season.SeasonASMHelper.shouldRenderRainSnow(SeasonASMHelper.java:235)
	at net.minecraft.world.biome.BiomeGenBase.func_76746_c(BiomeGenBase.java:759)
	at net.minecraftforge.common.BiomeDictionary.makeBestGuess(BiomeDictionary.java:396)
	at net.minecraftforge.common.BiomeDictionary.checkRegistration(BiomeDictionary.java:425)
	at net.minecraftforge.common.BiomeDictionary.isBiomeOfType(BiomeDictionary.java:250)
	at sereneseasons.config.BiomeConfig.usesTropicalSeasons(BiomeConfig.java:29)
	at sereneseasons.season.SeasonASMHelper.shouldRenderRainSnow(SeasonASMHelper.java:235)
	at net.minecraft.world.biome.BiomeGenBase.func_76746_c(BiomeGenBase.java:759)
	at net.minecraftforge.common.BiomeDictionary.makeBestGuess(BiomeDictionary.java:396)
	at net.minecraftforge.common.BiomeDictionary.checkRegistration(BiomeDictionary.java:425)
	at net.minecraftforge.common.BiomeDictionary.isBiomeOfType(BiomeDictionary.java:250)
	at sereneseasons.config.BiomeConfig.usesTropicalSeasons(BiomeConfig.java:29)
	at sereneseasons.season.SeasonASMHelper.shouldRenderRainSnow(SeasonASMHelper.java:235)
	at net.minecraft.world.biome.BiomeGenBase.func_76746_c(BiomeGenBase.java:759)
	at net.minecraftforge.common.BiomeDictionary.makeBestGuess(BiomeDictionary.java:396)
	at net.minecraftforge.common.BiomeDictionary.checkRegistration(BiomeDictionary.java:425)
	at net.minecraftforge.common.BiomeDictionary.isBiomeOfType(BiomeDictionary.java:250)
	at sereneseasons.config.BiomeConfig.usesTropicalSeasons(BiomeConfig.java:29)
	at sereneseasons.season.SeasonASMHelper.shouldRenderRainSnow(SeasonASMHelper.java:235)
	at net.minecraft.world.biome.BiomeGenBase.func_76746_c(BiomeGenBase.java:759)
	at net.minecraftforge.common.BiomeDictionary.makeBestGuess(BiomeDictionary.java:396)
	at net.minecraftforge.common.BiomeDictionary.checkRegistration(BiomeDictionary.java:425)
	at net.minecraftforge.common.BiomeDictionary.isBiomeOfType(BiomeDictionary.java:250)
	at sereneseasons.config.BiomeConfig.usesTropicalSeasons(BiomeConfig.java:29)
	at sereneseasons.season.SeasonASMHelper.shouldRenderRainSnow(SeasonASMHelper.java:235)
	at net.minecraft.world.biome.BiomeGenBase.func_76746_c(BiomeGenBase.java:759)
	at net.minecraftforge.common.BiomeDictionary.makeBestGuess(BiomeDictionary.java:396)
	at net.minecraftforge.common.BiomeDictionary.checkRegistration(BiomeDictionary.java:425)
	at net.minecraftforge.common.BiomeDictionary.isBiomeOfType(BiomeDictionary.java:250)
	at sereneseasons.config.BiomeConfig.usesTropicalSeasons(BiomeConfig.java:29)
	at sereneseasons.season.SeasonASMHelper.shouldRenderRainSnow(SeasonASMHelper.java:235)
	at net.minecraft.world.biome.BiomeGenBase.func_76746_c(BiomeGenBase.java:759)
	at net.minecraftforge.common.BiomeDictionary.makeBestGuess(BiomeDictionary.java:396)
	at net.minecraftforge.common.BiomeDictionary.checkRegistration(BiomeDictionary.java:425)
	at net.minecraftforge.common.BiomeDictionary.isBiomeOfType(BiomeDictionary.java:250)
	at sereneseasons.config.BiomeConfig.usesTropicalSeasons(BiomeConfig.java:29)
	at sereneseasons.season.SeasonASMHelper.shouldRenderRainSnow(SeasonASMHelper.java:235)
	at net.minecraft.world.biome.BiomeGenBase.func_76746_c(BiomeGenBase.java:759)
	at net.minecraftforge.common.BiomeDictionary.makeBestGuess(BiomeDictionary.java:396)
	at net.minecraftforge.common.BiomeDictionary.checkRegistration(BiomeDictionary.java:425)
	at net.minecraftforge.common.BiomeDictionary.isBiomeOfType(BiomeDictionary.java:250)
	at sereneseasons.config.BiomeConfig.usesTropicalSeasons(BiomeConfig.java:29)
	at sereneseasons.season.SeasonASMHelper.shouldRenderRainSnow(SeasonASMHelper.java:235)
	at net.minecraft.world.biome.BiomeGenBase.func_76746_c(BiomeGenBase.java:759)
	at net.minecraftforge.common.BiomeDictionary.makeBestGuess(BiomeDictionary.java:396)
	at net.minecraftforge.common.BiomeDictionary.checkRegistration(BiomeDictionary.java:425)
	at net.minecraftforge.common.BiomeDictionary.isBiomeOfType(BiomeDictionary.java:250)
	at sereneseasons.config.BiomeConfig.usesTropicalSeasons(BiomeConfig.java:29)
	at sereneseasons.season.SeasonASMHelper.shouldRenderRainSnow(SeasonASMHelper.java:235)
	at net.minecraft.world.biome.BiomeGenBase.func_76746_c(BiomeGenBase.java:759)
	at net.minecraftforge.common.BiomeDictionary.makeBestGuess(BiomeDictionary.java:396)
	at net.minecraftforge.common.BiomeDictionary.checkRegistration(BiomeDictionary.java:425)
	at net.minecraftforge.common.BiomeDictionary.isBiomeOfType(BiomeDictionary.java:250)
	at sereneseasons.config.BiomeConfig.usesTropicalSeasons(BiomeConfig.java:29)
	at sereneseasons.season.SeasonASMHelper.shouldRenderRainSnow(SeasonASMHelper.java:235)
	at net.minecraft.world.biome.BiomeGenBase.func_76746_c(BiomeGenBase.java:759)
	at net.minecraftforge.common.BiomeDictionary.makeBestGuess(BiomeDictionary.java:396)
	at net.minecraftforge.common.BiomeDictionary.checkRegistration(BiomeDictionary.java:425)
	at net.minecraftforge.common.BiomeDictionary.isBiomeOfType(BiomeDictionary.java:250)
	at sereneseasons.config.BiomeConfig.usesTropicalSeasons(BiomeConfig.java:29)
	at sereneseasons.season.SeasonASMHelper.shouldRenderRainSnow(SeasonASMHelper.java:235)
	at net.minecraft.world.biome.BiomeGenBase.func_76746_c(BiomeGenBase.java:759)
	at net.minecraftforge.common.BiomeDictionary.makeBestGuess(BiomeDictionary.java:396)
	at net.minecraftforge.common.BiomeDictionary.checkRegistration(BiomeDictionary.java:425)
	at net.minecraftforge.common.BiomeDictionary.isBiomeOfType(BiomeDictionary.java:250)
	at sereneseasons.config.BiomeConfig.usesTropicalSeasons(BiomeConfig.java:29)
	at sereneseasons.season.SeasonASMHelper.shouldRenderRainSnow(SeasonASMHelper.java:235)
	at net.minecraft.world.biome.BiomeGenBase.func_76746_c(BiomeGenBase.java:759)
	at net.minecraftforge.common.BiomeDictionary.makeBestGuess(BiomeDictionary.java:396)
	at net.minecraftforge.common.BiomeDictionary.checkRegistration(BiomeDictionary.java:425)
	at net.minecraftforge.common.BiomeDictionary.isBiomeOfType(BiomeDictionary.java:250)
	at sereneseasons.config.BiomeConfig.usesTropicalSeasons(BiomeConfig.java:29)
	at sereneseasons.season.SeasonASMHelper.shouldRenderRainSnow(SeasonASMHelper.java:235)
	at net.minecraft.world.biome.BiomeGenBase.func_76746_c(BiomeGenBase.java:759)
	at net.minecraftforge.common.BiomeDictionary.makeBestGuess(BiomeDictionary.java:396)
	at net.minecraftforge.common.BiomeDictionary.checkRegistration(BiomeDictionary.java:425)
	at net.minecraftforge.common.BiomeDictionary.isBiomeOfType(BiomeDictionary.java:250)
	at sereneseasons.config.BiomeConfig.usesTropicalSeasons(BiomeConfig.java:29)
	at sereneseasons.season.SeasonASMHelper.shouldRenderRainSnow(SeasonASMHelper.java:235)
	at net.minecraft.world.biome.BiomeGenBase.func_76746_c(BiomeGenBase.java:759)
	at net.minecraftforge.common.BiomeDictionary.makeBestGuess(BiomeDictionary.java:396)
	at net.minecraftforge.common.BiomeDictionary.checkRegistration(BiomeDictionary.java:425)
	at net.minecraftforge.common.BiomeDictionary.isBiomeOfType(BiomeDictionary.java:250)
	at sereneseasons.config.BiomeConfig.usesTropicalSeasons(BiomeConfig.java:29)
	at sereneseasons.season.SeasonASMHelper.shouldRenderRainSnow(SeasonASMHelper.java:235)
	at net.minecraft.world.biome.BiomeGenBase.func_76746_c(BiomeGenBase.java:759)
	at net.minecraftforge.common.BiomeDictionary.makeBestGuess(BiomeDictionary.java:396)
	at net.minecraftforge.common.BiomeDictionary.checkRegistration(BiomeDictionary.java:425)
	at net.minecraftforge.common.BiomeDictionary.isBiomeOfType(BiomeDictionary.java:250)
	at sereneseasons.config.BiomeConfig.usesTropicalSeasons(BiomeConfig.java:29)
	at sereneseasons.season.SeasonASMHelper.shouldRenderRainSnow(SeasonASMHelper.java:235)
	at net.minecraft.world.biome.BiomeGenBase.func_76746_c(BiomeGenBase.java:759)
	at net.minecraftforge.common.BiomeDictionary.makeBestGuess(BiomeDictionary.java:396)
	at net.minecraftforge.common.BiomeDictionary.checkRegistration(BiomeDictionary.java:425)
	at net.minecraftforge.common.BiomeDictionary.isBiomeOfType(BiomeDictionary.java:250)
	at sereneseasons.config.BiomeConfig.usesTropicalSeasons(BiomeConfig.java:29)
	at sereneseasons.season.SeasonASMHelper.shouldRenderRainSnow(SeasonASMHelper.java:235)
	at net.minecraft.world.biome.BiomeGenBase.func_76746_c(BiomeGenBase.java:759)
	at net.minecraftforge.common.BiomeDictionary.makeBestGuess(BiomeDictionary.java:396)
	at net.minecraftforge.common.BiomeDictionary.checkRegistration(BiomeDictionary.java:425)
	at net.minecraftforge.common.BiomeDictionary.isBiomeOfType(BiomeDictionary.java:250)
	at sereneseasons.config.BiomeConfig.usesTropicalSeasons(BiomeConfig.java:29)
	at sereneseasons.season.SeasonASMHelper.shouldRenderRainSnow(SeasonASMHelper.java:235)
	at net.minecraft.world.biome.BiomeGenBase.func_76746_c(BiomeGenBase.java:759)
	at net.minecraftforge.common.BiomeDictionary.makeBestGuess(BiomeDictionary.java:396)
	at net.minecraftforge.common.BiomeDictionary.checkRegistration(BiomeDictionary.java:425)
	at net.minecraftforge.common.BiomeDictionary.isBiomeOfType(BiomeDictionary.java:250)
	at sereneseasons.config.BiomeConfig.usesTropicalSeasons(BiomeConfig.java:29)
	at sereneseasons.season.SeasonASMHelper.shouldRenderRainSnow(SeasonASMHelper.java:235)
	at net.minecraft.world.biome.BiomeGenBase.func_76746_c(BiomeGenBase.java:759)
	at net.minecraftforge.common.BiomeDictionary.makeBestGuess(BiomeDictionary.java:396)
	at net.minecraftforge.common.BiomeDictionary.checkRegistration(BiomeDictionary.java:425)
	at net.minecraftforge.common.BiomeDictionary.isBiomeOfType(BiomeDictionary.java:250)
	at sereneseasons.config.BiomeConfig.usesTropicalSeasons(BiomeConfig.java:29)
	at sereneseasons.season.SeasonASMHelper.shouldRenderRainSnow(SeasonASMHelper.java:235)
	at net.minecraft.world.biome.BiomeGenBase.func_76746_c(BiomeGenBase.java:759)
	at net.minecraftforge.common.BiomeDictionary.makeBestGuess(BiomeDictionary.java:396)
	at net.minecraftforge.common.BiomeDictionary.checkRegistration(BiomeDictionary.java:425)
	at net.minecraftforge.common.BiomeDictionary.isBiomeOfType(BiomeDictionary.java:250)
	at sereneseasons.config.BiomeConfig.usesTropicalSeasons(BiomeConfig.java:29)
	at sereneseasons.season.SeasonASMHelper.shouldRenderRainSnow(SeasonASMHelper.java:235)
	at net.minecraft.world.biome.BiomeGenBase.func_76746_c(BiomeGenBase.java:759)
	at net.minecraftforge.common.BiomeDictionary.makeBestGuess(BiomeDictionary.java:396)
	at net.minecraftforge.common.BiomeDictionary.checkRegistration(BiomeDictionary.java:425)
	at net.minecraftforge.common.BiomeDictionary.isBiomeOfType(BiomeDictionary.java:250)
	at sereneseasons.config.BiomeConfig.usesTropicalSeasons(BiomeConfig.java:29)
	at sereneseasons.season.SeasonASMHelper.shouldRenderRainSnow(SeasonASMHelper.java:235)
	at net.minecraft.world.biome.BiomeGenBase.func_76746_c(BiomeGenBase.java:759)
	at net.minecraftforge.common.BiomeDictionary.makeBestGuess(BiomeDictionary.java:396)
	at net.minecraftforge.common.BiomeDictionary.checkRegistration(BiomeDictionary.java:425)
	at net.minecraftforge.common.BiomeDictionary.isBiomeOfType(BiomeDictionary.java:250)
	at sereneseasons.config.BiomeConfig.usesTropicalSeasons(BiomeConfig.java:29)
	at sereneseasons.season.SeasonASMHelper.shouldRenderRainSnow(SeasonASMHelper.java:235)
	at net.minecraft.world.biome.BiomeGenBase.func_76746_c(BiomeGenBase.java:759)
	at net.minecraftforge.common.BiomeDictionary.makeBestGuess(BiomeDictionary.java:396)
	at net.minecraftforge.common.BiomeDictionary.checkRegistration(BiomeDictionary.java:425)
	at net.minecraftforge.common.BiomeDictionary.isBiomeOfType(BiomeDictionary.java:250)
	at sereneseasons.config.BiomeConfig.usesTropicalSeasons(BiomeConfig.java:29)
	at sereneseasons.season.SeasonASMHelper.shouldRenderRainSnow(SeasonASMHelper.java:235)
	at net.minecraft.world.biome.BiomeGenBase.func_76746_c(BiomeGenBase.java:759)
	at net.minecraftforge.common.BiomeDictionary.makeBestGuess(BiomeDictionary.java:396)
	at net.minecraftforge.common.BiomeDictionary.checkRegistration(BiomeDictionary.java:425)
	at net.minecraftforge.common.BiomeDictionary.isBiomeOfType(BiomeDictionary.java:250)
	at sereneseasons.config.BiomeConfig.usesTropicalSeasons(BiomeConfig.java:29)
	at sereneseasons.season.SeasonASMHelper.shouldRenderRainSnow(SeasonASMHelper.java:235)
	at net.minecraft.world.biome.BiomeGenBase.func_76746_c(BiomeGenBase.java:759)
	at net.minecraftforge.common.BiomeDictionary.makeBestGuess(BiomeDictionary.java:396)
	at net.minecraftforge.common.BiomeDictionary.checkRegistration(BiomeDictionary.java:425)
	at net.minecraftforge.common.BiomeDictionary.isBiomeOfType(BiomeDictionary.java:250)
	at sereneseasons.config.BiomeConfig.usesTropicalSeasons(BiomeConfig.java:29)
	at sereneseasons.season.SeasonASMHelper.shouldRenderRainSnow(SeasonASMHelper.java:235)
	at net.minecraft.world.biome.BiomeGenBase.func_76746_c(BiomeGenBase.java:759)
	at net.minecraftforge.common.BiomeDictionary.makeBestGuess(BiomeDictionary.java:396)
	at net.minecraftforge.common.BiomeDictionary.checkRegistration(BiomeDictionary.java:425)
	at net.minecraftforge.common.BiomeDictionary.isBiomeOfType(BiomeDictionary.java:250)
	at sereneseasons.config.BiomeConfig.usesTropicalSeasons(BiomeConfig.java:29)
	at sereneseasons.season.SeasonASMHelper.shouldRenderRainSnow(SeasonASMHelper.java:235)
	at net.minecraft.world.biome.BiomeGenBase.func_76746_c(BiomeGenBase.java:759)
	at net.minecraftforge.common.BiomeDictionary.makeBestGuess(BiomeDictionary.java:396)
	at net.minecraftforge.common.BiomeDictionary.checkRegistration(BiomeDictionary.java:425)
	at net.minecraftforge.common.BiomeDictionary.isBiomeOfType(BiomeDictionary.java:250)
	at sereneseasons.config.BiomeConfig.usesTropicalSeasons(BiomeConfig.java:29)
	at sereneseasons.season.SeasonASMHelper.shouldRenderRainSnow(SeasonASMHelper.java:235)
	at net.minecraft.world.biome.BiomeGenBase.func_76746_c(BiomeGenBase.java:759)
	at net.minecraftforge.common.BiomeDictionary.makeBestGuess(BiomeDictionary.java:396)
	at net.minecraftforge.common.BiomeDictionary.checkRegistration(BiomeDictionary.java:425)
	at net.minecraftforge.common.BiomeDictionary.isBiomeOfType(BiomeDictionary.java:250)
	at sereneseasons.config.BiomeConfig.usesTropicalSeasons(BiomeConfig.java:29)
	at sereneseasons.season.SeasonASMHelper.shouldRenderRainSnow(SeasonASMHelper.java:235)
	at net.minecraft.world.biome.BiomeGenBase.func_76746_c(BiomeGenBase.java:759)
	at net.minecraftforge.common.BiomeDictionary.makeBestGuess(BiomeDictionary.java:396)
	at net.minecraftforge.common.BiomeDictionary.checkRegistration(BiomeDictionary.java:425)
	at net.minecraftforge.common.BiomeDictionary.isBiomeOfType(BiomeDictionary.java:250)
	at sereneseasons.config.BiomeConfig.usesTropicalSeasons(BiomeConfig.java:29)
	at sereneseasons.season.SeasonASMHelper.shouldRenderRainSnow(SeasonASMHelper.java:235)
	at net.minecraft.world.biome.BiomeGenBase.func_76746_c(BiomeGenBase.java:759)
	at net.minecraftforge.common.BiomeDictionary.makeBestGuess(BiomeDictionary.java:396)
	at net.minecraftforge.common.BiomeDictionary.checkRegistration(BiomeDictionary.java:425)
	at net.minecraftforge.common.BiomeDictionary.isBiomeOfType(BiomeDictionary.java:250)
	at sereneseasons.config.BiomeConfig.usesTropicalSeasons(BiomeConfig.java:29)
	at sereneseasons.season.SeasonASMHelper.shouldRenderRainSnow(SeasonASMHelper.java:235)
	at net.minecraft.world.biome.BiomeGenBase.func_76746_c(BiomeGenBase.java:759)
	at net.minecraftforge.common.BiomeDictionary.makeBestGuess(BiomeDictionary.java:396)
	at net.minecraftforge.common.BiomeDictionary.checkRegistration(BiomeDictionary.java:425)
	at net.minecraftforge.common.BiomeDictionary.isBiomeOfType(BiomeDictionary.java:250)
	at sereneseasons.config.BiomeConfig.usesTropicalSeasons(BiomeConfig.java:29)
	at sereneseasons.season.SeasonASMHelper.shouldRenderRainSnow(SeasonASMHelper.java:235)
	at net.minecraft.world.biome.BiomeGenBase.func_76746_c(BiomeGenBase.java:759)
	at net.minecraftforge.common.BiomeDictionary.makeBestGuess(BiomeDictionary.java:396)
	at net.minecraftforge.common.BiomeDictionary.checkRegistration(BiomeDictionary.java:425)
	at net.minecraftforge.common.BiomeDictionary.isBiomeOfType(BiomeDictionary.java:250)
	at sereneseasons.config.BiomeConfig.usesTropicalSeasons(BiomeConfig.java:29)
	at sereneseasons.season.SeasonASMHelper.shouldRenderRainSnow(SeasonASMHelper.java:235)
	at net.minecraft.world.biome.BiomeGenBase.func_76746_c(BiomeGenBase.java:759)
	at net.minecraftforge.common.BiomeDictionary.makeBestGuess(BiomeDictionary.java:396)
	at net.minecraftforge.common.BiomeDictionary.checkRegistration(BiomeDictionary.java:425)
	at net.minecraftforge.common.BiomeDictionary.isBiomeOfType(BiomeDictionary.java:250)
	at sereneseasons.config.BiomeConfig.usesTropicalSeasons(BiomeConfig.java:29)
	at sereneseasons.season.SeasonASMHelper.shouldRenderRainSnow(SeasonASMHelper.java:235)
	at net.minecraft.world.biome.BiomeGenBase.func_76746_c(BiomeGenBase.java:759)
	at net.minecraftforge.common.BiomeDictionary.makeBestGuess(BiomeDictionary.java:396)
	at net.minecraftforge.common.BiomeDictionary.checkRegistration(BiomeDictionary.java:425)

[22:02:48] [Client thread/INFO] [JourneymapClient] Mapping halted in C:\Users\Danih\AppData\Roaming\.minecraft\versions\Hogwarts\journeymap\data\sp\Novo Mundo\0
[22:02:48] [Client thread/INFO] [JourneymapClient] Mapping halted in C:\Users\Danih\AppData\Roaming\.minecraft\versions\Hogwarts\journeymap\data\sp\Novo Mundo\0
[22:02:49] [Server thread/INFO] [WaypointHandler] WaypointBackend selected: Client (was=Server, shouldBeRemote=false, isJMServer=false, serverManagedWP=false, isServerManagedWaypointConnection=false, hasSingleplayerServer=true)
[22:02:49] [Client thread/INFO] [ColorPalette] Color palette file generated for 0 blockstates in 0ms for: Default Palette
[22:02:50] [Client thread/INFO] [TextureCache] [JourneyMap]: Purging Theme Images
[22:02:50] [Client thread/INFO] [TextureCache] [JourneyMap]: Purging Region Images
[22:02:50] [Client thread/INFO] [TextureCache] [JourneyMap]: Purging Mob Icon Images
[22:02:50] [Client thread/INFO] [WaypointGroupStore] Loaded 0 waypoint groups from disk.
[22:02:50] [Client thread/INFO] [WaypointStore] Loaded 0 waypoints from disk.
[22:02:50] [Client thread/INFO] [JourneymapClient] World UID is set to: null
